region_id,POINT_X,POINT_Y
1,5827.1647,3018.7198
2,12893.9981,7510.0081
3,11181.7372,7961.6129
4,12854.1299,3382.9715
5,11870.5887,12373.7772
6,11841.9896,1070.4991
7,11271.9861,10573.6805
8,11982.7075,4840.3719
9,10590.0798,6726.8959
10,9796.1632,10264.9876
11,10531.5619,13391.5174
12,12391.3922,6916.8176
13,12706.5911,5978.2069
14,13470.3563,7028.5022
15,10967.523,12593.5869
16,11075.0436,14782.2026
17,11406.6133,7058.4931
18,10089.842,12737.454
19,6595.4043,10802.8123
20,7928.3461,4273.5856
21,6138.1376,6349.9543
22,12532.4274,13661.6921
23,11172.8022,13932.9261
24,11881.9774,14138.6336
25,8493.6986,12691.3057
26,10235.0687,14109.2298
27,11903.8934,9414.5445
28,7322.1053,13695.3784
29,10468.0463,11892.8081
30,9376.7575,13136.3854
31,8605.9271,15518.1794
32,9156.9605,9607.9902
33,4566.3635,16847.8694
34,10285.7573,14930.4075
35,6330.4722,16191.8848
36,3993.5319,16129.7519
37,5534.9575,16659.0179
38,7764.1838,15100.323
39,9467.1359,13918.9973
40,8538.9438,14367.0208
41,5621.1204,15706.3078
42,9548.3214,15346.3419
43,3637.4967,15474.2651
44,6774.8839,15621.3403
45,4975.7203,14117.6083
46,6574.0372,13117.2136
47,4015.2467,13848.3094
48,6089.1787,12549.4399
49,4312.5924,14691.7064
50,9727.2781,8929.9543
51,8556.4578,13536.1145
52,6575.4347,14013.7608
53,7588.4427,15774.279
54,7790.5331,14344.353
55,11607.7481,13096.6183
56,7816.9701,13133.2354
57,9195.7896,14730.1026
58,5454.6214,13158.8183
59,9613.652,12110.4506
60,6933.6051,14719.7498
61,5857.5706,13928.9293
62,6129.5804,15004.2074
63,4727.9467,15366.4039
64,8928.9738,11294.3488
65,10770.6966,11246.901
66,11955.86,10451.0378
67,12017.1592,7792.3314
68,12506.7841,9853.2027
69,10479.7363,10493.5827
70,4713.1396,13357.8933
71,11065.0091,9695.986
72,10426.1411,7605.2285
73,8080.5059,11387.6682
74,10264.9814,9496.5337
75,5315.2334,12266.4859
76,8825.5647,12113.3219
77,9886.8247,6753.52
78,11037.9442,8861.6497
79,8051.4078,10051.3996
80,9743.998,11213.5269
81,7241.4837,12519.3466
82,7372.5285,9249.3887
83,11526.185,11590.8238
84,5382.5856,14761.2938
85,4298.617,12359.1791
86,4891.3388,16151.4107
87,6568.8634,11885.2556
88,7260.6771,8174.3816
89,5836.8769,11501.6449
90,9324.6735,8188.7893
91,9031.3138,10436.1622
92,8003.2134,8453.6341
93,4924.3284,11566.2388
94,10295.9164,8371.3281
95,5769.5403,10662.1329
96,7222.9063,10123.529
97,6439.0696,9956.6494
98,3520.0322,14647.0117
99,4962.6402,10775.3195
100,7155.6452,11203.1611
101,7678.9539,11944.3983
102,8101.9022,10705.3721
103,6039.7007,8427.0236
104,3596.6303,11082.5374
105,3936.798,8935.4225
106,6763.366,8825.783
107,8223.4313,6078.8319
108,3114.6732,8864.7468
109,4889.9821,9331.5248
110,9600.8168,2370.5433
111,1637.9917,9439.7489
112,5215.1527,8615.9036
113,9462.4789,7404.4889
114,4419.2227,8377.1537
115,7262.9885,5944.1995
116,2458.0339,9327.4433
117,6013.9797,7324.6395
118,4146.288,11511.7897
119,1995.4957,10273.4217
120,3055.3033,6793.5228
121,3384.9617,12102.6441
122,2759.434,13223.2758
123,4500.5328,10289.6451
124,3959.1448,9633.8853
125,2577.2896,12331.6415
126,2717.9164,11517.3006
127,-116.7148,11482.0796
128,3595.7102,10290.0228
129,2501.7606,13996.0836
130,445.1529,13682.0501
131,1430.4676,14291.5291
132,2675.4334,10778.2669
133,1807.6596,11351.0595
134,-328.2427,10656.7688
135,6053.8698,9286.5665
136,-769.887,11960.9142
137,4724.5099,7477.4598
138,1880.5547,12368.9745
139,-1048.6888,11151.6392
140,-1195.8003,9638.5859
141,585.6965,10932.464
142,2085.0353,7944.7604
143,383.99,12759.5231
144,465.2514,11979.6386
145,-1563.2597,12441.9427
146,-2992.3871,10937.42
147,1350.5314,10613.6916
148,-177.997,9985.2363
149,2327.4015,14707.0749
150,1172.3214,11797.7132
151,1126.3651,13666.8942
152,3915.1002,6989.472
153,3160.5438,8118.8202
154,-1295.5167,13099.3017
155,-461.2624,12645.0068
156,-2025.2045,10551.4822
157,-5580.7573,11378.6182
158,-3228.734,11895.8226
159,-3849.1628,11470.6425
160,2011.5716,8602.7001
161,-1998.4116,8185.0715
162,2759.2896,5709.2353
163,1168.9254,7777.1262
164,-2437.2905,11435.033
165,-375.0282,13434.0532
166,2887.809,9933.6984
167,-2063.1116,9635.1242
168,1945.0527,13395.1296
169,-2426.3967,12320.6608
170,3494.5016,12906.4949
171,-1263.452,10374.9202
172,-590.2075,9141.019
173,1245.431,12829.4163
174,-1717.8484,11598.9715
175,1890.0747,7141.2616
176,8605.147,6869.9115
177,-2922.3247,10188.3932
178,768.3047,10056.0697
179,959.6565,8472.9267
180,5725.3799,5219.3579
181,5467.6745,6452.1461
182,4125.0367,6146.1394
183,3856.6345,7755.3196
184,960.3302,9208.6718
185,3394.2577,5996.9028
186,4265.6013,5341.5187
187,8234.6094,9384.6629
188,8752.374,8795.5716
189,1430.2739,5873.1334
190,13436.5472,4697.7847
191,8620.7413,7698.0433
192,5454.1029,9867.6775
193,7664.4053,6728.0844
194,5398.4696,7748.2221
195,13641.4103,5538.7575
196,11903.2754,8624.8167
197,7777.8481,7505.8921
198,5016.6209,5624.9172
199,13523.4169,6280.0208
200,6484.8908,5701.8921
201,10379.1742,5006.9511
202,14585.6405,6057.5664
203,14140.0666,4496.2794
204,14531.0128,5276.2679
205,6701.7365,7670.1721
206,6578.4311,4946.2766
207,13516.1322,3795.8143
208,6767.4979,3896.8642
209,6851.0183,6817.3168
210,14595.6878,3758.6875
211,15461.6979,3282.363
212,13942.3261,3095.1364
213,11978.1875,6249.0347
214,15736.6186,2543.2407
215,8843.9272,5535.6645
216,10786.679,455.1628
217,11507.5625,5401.3643
218,12714.5817,2466.4652
219,15292.1621,817.8555
220,8851.0989,3953.3861
221,12636.7042,4251.4354
222,10852.7781,3647.6657
223,10243.5292,1986.2071
224,11996.3237,3237.3002
225,13987.1196,1880.3812
226,11777.222,328.8214
227,12094.1523,1790.9715
228,15472.3038,1706.8412
229,15297.1327,-1310.7295
230,12259.8965,-1855.4397
231,18909.6911,-2204.2116
232,14022.8254,-700.6167
233,13685.3629,-2453.2618
234,13324.2886,-221.458
235,11412.7195,-2193.3531
236,17265.8457,-4225.6605
237,11357.874,-4456.753
238,13895.4264,-1641.9174
239,15160.1977,-3840.4863
240,13241.9267,-4776.2808
241,17054.2555,-849.185
242,15147.3618,-4999.807
243,16547.0806,-1919.4391
244,14691.8566,-2658.0314
245,14663.0046,1203.2769
246,15693.4323,-7151.9446
247,14737.913,2152.8578
248,12433.7116,-4527.2313
249,19376.53,-2762.6992
250,10271.3413,4206.8732
251,18295.696,-1763.0286
252,17431.3209,-1650.7068
253,15908.2712,598.1509
254,17909.1422,-2587.6113
255,17313.5909,-6108.0524
256,13981.5585,-3092.3065
257,18514.4101,-3099.3593
258,17152.0826,-8037.5321
259,17904.6827,-3729.7024
260,12939.5463,-5732.4219
261,13459.5604,-6834.9274
262,16350.6881,-8119.9598
263,14359.0723,-3771.0932
264,14895.7782,-5914.3157
265,17253.4261,-7062.7979
266,16603.47,-5642.5914
267,9976.2274,-3505.6414
268,16512.0284,-6476.11
269,15919.705,-3456.7931
270,15741.0746,-5597.742
271,17089.0552,-3436.3012
272,17201.2463,-2544.1501
273,16480.2729,-7318.3165
274,18187.3334,-4789.1205
275,15381.4091,-2917.9058
276,16414.8375,-2779.7725
277,15885.8377,-4722.0333
278,16312.2244,-4028.3658
279,13921.5212,-4932.7988
280,13033.954,-2041.315
281,15617.2978,-6376.7579
282,16235.4468,-1288.8908
283,14604.2902,-6665.0036
284,15905.7507,-583.1205
285,18022.6904,-5765.9034
286,17510.89,-5077.4954
287,11365.844,-7607.3391
288,14281.4521,-7277.8524
289,10751.3481,-3897.5326
290,13581.6407,-6112.6797
291,14632.624,-4528.0443
292,13951.4843,-7861.0391
293,10310.3575,-4547.4012
294,15072.841,-7587.3124
295,11104.157,1349.165
296,12424.8196,-6454.5206
297,11658.0422,-6057.8206
298,12313.0902,-5336.219
299,11931.2917,-7112.8305
300,9255.4857,-5809.7455
301,11098.1453,-6519.334
302,13298.8377,-8088.0787
303,9514.4459,-4199.1674
304,12820.4411,-7274.7505
305,9493.7844,-5021.144
306,12687.219,-8477.8468
307,10307.4307,1080.876
308,10181.5062,-5559.5961
309,7265.9352,-503.4611
310,8627.5787,-4996.176
311,8085.2439,1876.3713
312,8953.7265,-164.8186
313,7145.8174,-5314.2866
314,8588.5909,-6139.2316
315,8742.3672,-4133.6963
316,11540.8632,-5184.1641
317,6402.2919,-1153.9511
318,14668.4674,-1832.1255
319,8161.7811,-3640.4618
320,6292.3835,1365.3689
321,9161.0656,713.5505
322,7746.5651,2503.9714
323,7915.6172,-4591.5997
324,7253.6736,-3705.565
325,11093.529,-270.6507
326,12131.0103,-8048.5446
327,9667.9916,-11572.2308
328,10844.8392,-5402.0661
329,11897.209,-557.7506
330,10023.7856,-6365.2585
331,8606.2774,-2128.9862
332,11369.1186,-8526.1278
333,12920.1959,-3059.6463
334,10621.9989,-1968.321
335,11537.9189,-1304.6259
336,5286.4357,4592.8451
337,10790.0686,-3036.522
338,16247.0814,1886.8149
339,8858.5567,2451.7448
340,11559.4635,-3110.6834
341,7338.5804,354.0452
342,13490.8113,2508.5962
343,11826.5853,-3808.8141
344,7539.0243,-2975.0332
345,13825.0278,1093.0003
346,14203.6437,-5672.9119
347,13569.3013,-3870.9527
348,7979.9416,992.4699
349,9299.8433,-6816.925
350,9717.3784,-1513.9098
351,13500.6138,466.5925
352,8803.8703,-1268.8621
353,15643.7452,-2118.8126
354,12502.7972,-1039.5692
355,12717.8621,958.4253
356,14733.7029,-722.6236
357,11772.172,3902.3631
358,14725.7042,2921.2456
359,11181.6825,6161.7678
360,12559.6387,52.7637
361,11147.4998,4500.8599
362,11827.9718,2543.8343
363,13226.1992,-1071.3967
364,15248.5738,-85.0064
365,16719.5031,-4854.3953
366,10415.5584,-8858.6995
367,9218.517,-3243.4022
368,9922.5292,204.8422
369,8089.0775,-448.2259
370,8484.3948,-2904.8486
371,12724.9108,-3807.9769
372,14422.3723,272.4929
373,10565.3153,5699.294
374,10663.8517,-7887.1222
375,7254.0117,1433.874
376,10710.5143,-1179.5022
377,16587.4487,-163.593
378,14982.2404,4500.9948
379,8657.921,4770.7665
380,12724.9743,5181.5611
381,9263.1687,6306.6731
382,9743.1854,5635.8966
383,7958.0905,3427.2986
384,9410.6457,-2264.8109
385,9568.3311,3631.4373
386,9525.038,4660.0235
387,13066.9882,1658.8904
388,12231.5928,-2684.4892
389,10105.2126,-2602.1271
390,5939.9128,-2485.0283
391,7809.5536,5287.3336
392,6656.3681,659.9818
393,7253.6165,3260.9598
394,10007.7974,3068.4749
395,11047.7777,2183.5014
396,6942.6412,2183.4775
397,8788.0826,1574.185
398,10860.545,2925.6814
399,6542.8074,2937.3878
400,10234.3081,-584.0949
401,8681.0715,3133.2088
402,6081.2146,4127.8307
403,3188.0317,3420.4583
404,4435.0373,4555.4629
405,5510.3567,1024.6566
406,2735.8194,7427.3283
407,2633.4899,4888.9061
408,5096.8945,1745.3923
409,3363.6595,2512.1656
410,5296.7326,3850.2777
411,4108.7717,2077.1857
412,1310.6287,6652.3834
413,-2739.5598,8611.1975
414,4792.0853,6641.5889
415,2242.3492,6316.5259
416,191.7081,9220.3974
417,168.9877,8231.3
418,-443.2894,7690.3379
419,4551.3414,588.2747
420,-157.5136,6932.9943
421,3533.9583,4946.9236
422,-840.1027,8408.0276
423,503.0325,6292.516
424,-1637.8539,8866.1204
425,-3210.072,8072.6557
426,3352.5951,4160.0034
427,-2602.9418,6532.8643
428,77.0513,5651.5867
429,135.4475,4843.9365
430,1915.6636,3659.2313
431,4176.0503,3795.9016
432,4110.5115,2950.1492
433,-1506.3469,5858.4194
434,-1060.9992,6939.5794
435,-1666.036,4769.2041
436,1068.1438,3605.8707
437,1769.696,2832.4886
438,-721.5605,4719.9632
439,4355.1892,1341.0677
440,554.7403,4233.6267
441,2599.1476,2885.8331
442,1433.3237,4512.6064
443,1921.3674,5249.5273
444,2312.0254,2057.8525
445,930.2128,2792.0961
446,5151.381,187.7958
447,2950.2271,-30.3513
448,-1410.3237,1534.7834
449,1053.5001,2043.454
450,7256.9007,4666.4561
451,5992.0692,2092.6277
452,-3158.7763,7201.6326
453,180.759,3461.7561
454,922.4245,5240.1251
455,479.6608,1271.9641
456,-763.9535,2341.3627
457,7712.5075,-2158.2816
458,-532.741,4026.1982
459,1743.5618,1616.5776
460,-54.2348,517.6473
461,7277.4431,-1451.1621
462,4351.1341,-3595.6631
463,9431.6953,-691.7512
464,2396.5022,4146.2091
465,5034.0641,2493.4514
466,4919.9379,3258.001
467,9581.2157,1359.5846
468,8339.8621,353.1859
469,7111.0572,-4530.4391
470,5960.845,212.2872
471,5811.6959,-7384.0364
472,2745.2299,951.2866
473,6478.2145,-380.8649
474,1212.8418,952.5786
475,3698.7775,296.4792
476,-742.9473,3263.7508
477,1995.0298,13.7132
478,-899.412,5416.2759
479,5587.356,-630.9736
480,5290.154,-1358.1388
481,2647.0819,-1587.6408
482,2881.4454,-3983.2633
483,847.7668,301.0773
484,8028.8419,-1266.257
485,1033.8204,-1907.9121
486,-888.0617,663.0247
487,2261.8916,-686.2696
488,3118.0579,1760.381
489,3634.2328,-4066.8565
490,6434.1408,-1831.5798
491,1251.0486,-420.4164
492,4095.9721,-382.6826
493,3194.5882,-2380.5216
494,6433.3535,-4025.0116
495,2696.5772,-6397.9747
496,3294.1911,-773.407
497,3423.3564,-1649.1846
498,420.9437,-7568.4251
499,1093.8276,-3484.2096
500,2538.1517,-7117.8498
501,-687.4155,-298.6178
502,-579.7752,-6026.8522
503,-2603.5721,-9051.3662
504,1936.0555,-5195.6962
505,725.695,-4151.3346
506,-3637.1895,-9404.0468
507,-4251.6951,-7154.2039
508,-1124.7034,-6996.835
509,-2707.6653,-11615.6119
510,-3979.606,-10822.6947
511,-2640.9267,-9950.1652
512,-4461.0655,-9437.1101
513,-3377.297,-11245.6849
514,-2395.3994,-12274.4473
515,-4990.8453,-11215.1706
516,3283.1572,-7229.4122
517,-1070.1952,-12631.3145
518,-3399.3914,-12467.3373
519,-3796.6332,-13236.2044
520,-4314.4622,-13910.5547
521,-6835.037,-12042.5135
522,-6271.3472,-13180.7173
523,-1763.1376,-7427.2355
524,-5741.0768,-6436.1001
525,-4121.1945,-1670.6607
526,-5630.4913,-5619.707
527,-5198.3268,-6997.7224
528,-5895.6327,-4800.719
529,-352.642,-2569.1778
530,-1874.5803,-4713.7941
531,-4949.3054,-7772.0127
532,-6512.9978,-6260.3086
533,-6605.1547,-10388.4169
534,-5806.2609,-10184.0787
535,-3570.8331,-8711.6722
536,-2638.1692,-10782.3216
537,-5919.1689,-3836.3021
538,4174.026,-4739.9923
539,-4544.4114,-6405.5542
540,-4500.0101,-2297.0211
541,-7260.946,-5613.2551
542,-783.0922,-3184.9824
543,3372.0037,-8636.8912
544,-442.0301,-1044.0586
545,108.4523,-3391.0001
546,-6253.5392,-9047.297
547,2000.4558,-8596.6911
548,5862.8755,-11667.4671
549,-3381.1863,-10112.4057
550,1189.9155,-7437.6792
551,-4408.3587,-10262.0161
552,-6089.2479,3107.8529
553,-6614.11,-9618.7158
554,-5875.5027,-7976.087
555,73.609,-4771.6843
556,-1209.094,-9980.1279
557,-6412.3259,-11138.4958
558,-369.9409,-7875.3135
559,2680.4307,-8218.2503
560,-1339.6872,-9110.3261
561,2618.0925,-9284.5295
562,-1607.3064,-12114.8518
563,2330.1821,-11753.394
564,-4678.2228,-11813.5027
565,-88.1066,-12762.861
566,3600.0292,-9295.1034
567,-4384.6058,-12756.9436
568,-612.7274,-8874.7498
569,1054.5287,-11868.6808
570,-1116.1336,-8060.3204
571,2029.0141,-9816.7556
572,4859.7329,-11526.4534
573,-3915.0152,-11860.4344
574,501.5199,-9210.784
575,620.8457,-12929.9627
576,2458.796,-10921.7057
577,-2040.6233,-6589.1545
578,-7252.8681,-11071.3942
579,10551.4808,-6977.9518
580,4412.7985,-9587.7692
581,-2816.3905,-12978.4558
582,-5852.7346,-13976.0151
583,-8120.1467,-8976.0801
584,-3583.4581,-7464.3692
585,899.9325,-10806.1147
586,-6055.4744,-12353.1995
587,1018.7273,-9881.4199
588,-1135.2652,-14024.9109
589,10506.9573,-9657.2322
590,943.4201,-5765.8255
591,8791.0855,-7444.8311
592,8217.8476,-6822.9318
593,7422.9835,-6165.5062
594,6323.2562,-7915.904
595,9609.2171,-9278.8009
596,9839.3174,-8338.1936
597,6204.6988,-11026.9082
598,5090.4196,-9135.4904
599,9836.1273,-7489.9993
600,9766.9883,-10351.9568
601,9078.835,-8218.7428
602,6437.5053,-5900.0784
603,10573.0488,-10462.2976
604,8057.137,-7857.8952
605,3880.9596,-6694.4461
606,3519.4189,-3161.3699
607,7661.6183,-10725.9123
608,5762.7341,-4524.5528
609,6856.5085,-2563.7788
610,3455.9072,-5019.1662
611,5240.4981,-6476.8752
612,-3461.2561,-1071.5015
613,6267.3979,-5122.4841
614,2815.9438,-5661.5123
615,5037.5523,-4941.1201
616,5273.108,-2032.6709
617,1993.6971,-7629.9899
618,4420.1003,-2150.8536
619,-2997.5335,-7027.2504
620,4259.71,-2810.9704
621,4434.9605,-5558.4711
622,6348.6512,-3220.9284
623,-796.2834,-11154.5341
624,3548.397,1072.7344
625,1805.3479,-2978.8184
626,7504.0659,-8424.1599
627,7477.375,-7117.5104
628,2099.5928,-3747.0188
629,111.2795,-6418.9666
630,6997.034,-7715.8269
631,8468.402,-8670.7319
632,6750.3959,-6739.6541
633,7985.8618,-5575.2201
634,5984.7553,-6581.061
635,7421.4337,-9214.3392
636,8921.2652,-9443.357
637,8162.1111,-9510.8357
638,5110.4262,-8228.8401
639,5845.1818,-8611.6929
640,5035.8076,-7407.9073
641,6245.9001,-10323.5779
642,3600.0412,-5940.5645
643,4312.4819,-7549.7044
644,4566.1087,-6399.9888
645,6645.2943,-8806.5781
646,-370.2159,-7033.0525
647,9083.3527,-10313.3055
648,-636.9495,-10459.8257
649,6997.0111,-11127.675
650,5712.2591,-9588.2917
651,6567.3916,-9628.7228
652,4154.5202,-11166.3469
653,-1970.5984,-9637.4975
654,5202.9168,-10852.8978
655,4219.9799,-10374.4911
656,8423.9282,-10567.265
657,8488.5317,-11973.2515
658,9475.4396,-12320.5853
659,5851.2477,-12457.0518
660,8194.5049,-12970.9307
661,6871.4334,-11891.7186
662,8915.7582,-12820.8157
663,7947.443,-11464.0346
664,9057.8571,-11256.7484
665,1378.5212,-9108.9137
666,5103.2397,-12253.3367
667,7627.4283,-12329.7606
668,7381.2902,-10064
669,188.9348,-10342.1753
670,5132.22,-10173.5675
671,1639.8403,-10532.3384
672,6642.1207,-12661.0283
673,3383.4405,-11108.8786
674,7244.051,-13179.2734
675,3478.8488,-10073.5767
676,4518.3313,-12711.3547
677,-2436.2261,-7709.2977
678,-627.162,-11863.3696
679,239.9513,-11221.0937
680,2695.1891,-12464.1447
681,3996.2161,-12090.8538
682,3234.7282,-11922.2523
683,-1746.8941,-13147.7846
684,-627.8344,-13282.6912
685,-218.1707,-9605.1844
686,2808.4596,-10259.1245
687,-5624.3878,-8734.7603
688,-1698.7245,-11382.1534
689,-3740.9067,-5108.6969
690,-5164.2935,-12423.9893
691,-1788.7793,-10640.6882
692,1923.873,-1467.9816
693,-1801.5574,-14170.1205
694,-2075.034,-3371.1705
695,-6064.9451,-7209.6384
696,-2970.2217,-8232.0678
697,-6970.4457,-13011.7105
698,-1958.4951,-1991.0559
699,-5283.0296,-10619.3095
700,1650.582,-11428.392
701,-5289.4775,-13173.7084
702,237.4584,-8486.5008
703,-5813.2634,-11593.5599
704,-1889.3263,-8474.1863
705,-3756.6986,-3620.6992
706,1661.2257,-6680.5482
707,-2045.8813,1097.8663
708,-3100.2005,76.6463
709,275.4287,-1232.9727
710,-3066.6691,-1752.4664
711,-2444.0786,-1188.9793
712,-3076.338,891.4517
713,-3191.4212,-5622.0943
714,-4604.4013,-5042.5764
715,-4071.3815,-4371.4525
716,-3418.901,-2417.3996
717,-1440.6572,-2695.9357
718,-4625.4899,1678.1987
719,-1039.0715,-4510.0044
720,44.8233,2677.49
721,-2537.6444,3005.6045
722,-3935.6596,7321.3818
723,-4162.7654,4121.7311
724,-3512.9017,5432.6572
725,-3956.7732,379.0899
726,-2966.6876,-3166.0856
727,-1445.6183,148.4958
728,-2262.9455,2116.7694
729,-5030.6536,6219.0215
730,-2433.5615,-4054.8604
731,-4119.6548,1104.1155
732,276.5583,-314.1309
733,-3747.1129,-462.0743
734,-6748.984,-1870.7595
735,-6559.9207,-3572.8198
736,-5225.3687,-4488.6987
737,-2646.772,-5064.1512
738,-2802.5424,-6294.8299
739,-1417.0962,-1453.1143
740,-1551.738,-719.54
741,-1514.8533,2425.3472
742,-3541.5551,1738.4298
743,-4669.9357,2724.4327
744,-1468.3492,7619.0922
745,-3277.1649,4514.5805
746,-5164.4241,8005.514
747,-2361.74,7400.6066
748,-562.843,1379.7079
749,-2816.2514,1675.2044
750,-2442.1568,-417.8805
751,-2217.9613,370.3202
752,-5543.3678,1034.1827
753,-2797.5292,5756.1818
754,-1523.1239,3962.7153
755,-6154.8591,-381.6073
756,-3570.4209,6297.4038
757,-7041.37,8523.4823
758,-2545.1565,4613.1559
759,-2209.1906,5385.1054
760,-7583.0198,721.9011
761,-5427.451,-1872.2903
762,-4120.3181,4917.1315
763,-4300.8326,3379.3731
764,-6462.6419,10553.8769
765,-4729.9607,8618.3002
766,-4183.568,7940.8685
767,-6280.8538,7924.3917
768,-3413.4735,3575.691
769,-7081.6734,3029.6955
770,-5450.7101,-940.2278
771,-7890.8503,3263.0918
772,-10758.4658,7243.5708
773,-9473.7377,7017.3425
774,-7466.832,10753.471
775,-5568.1088,5716.2225
776,-6068.3468,2038.7069
777,-5011.0991,7044.2382
778,-7546.2466,6990.5109
779,-6396.4529,6982.1086
780,-6254.9517,8723.6109
781,-4276.2368,6637.477
782,622.7953,7235.1665
783,-3788.7465,10527.1608
784,-3240.794,2721.991
785,-6575.5952,11228.9644
786,-3499.8486,9411.9098
787,-4137.3492,9813.1151
788,-4777.7909,10292.2113
789,-5660.0508,9910.8541
790,-6391.9384,5340.0855
791,-8189.0253,10363.6524
792,-5554.4601,8923.877
793,-8230.1004,8819.8362
794,-7101.0991,3773.9279
795,-5667.4776,7357.6161
796,-9862.6901,9596.3335
797,-7187.9646,9243.6669
798,-8272.0947,7827.361
799,-11545.6015,9194.0657
800,-9470.3702,8675.2113
801,-9140.8163,5346.9836
802,-11854.0424,8570.615
803,-7713.6652,8186.6475
804,-12226.4869,8073.5236
805,-11070.1392,7977.6958
806,-12382.3478,4762.5284
807,-12727.7075,7520.0371
808,-9347.7714,3625.5207
809,-7035.3064,4758.1549
810,-9189.5651,10064.4061
811,-7743.838,6118.8568
812,-10009.3689,6371.8654
813,-7237.0685,9965.1901
814,-5374.7741,2784.5862
815,-6407.0837,4292.3947
816,-6489.9924,1308.5399
817,-13310.6562,6035.8902
818,-3908.1938,8761.8081
819,-10016.5115,7520.4583
820,-4479.9716,5657.8069
821,-6350.4196,9673.7204
822,-8328.0054,5474.259
823,-9196.5842,4409.1954
824,-12170.3825,6365.4167
825,-8175.0328,9582.1269
826,-8679.195,7215.074
827,-7426.23,5371.5244
828,-4519.936,11198.1937
829,-2747.5512,9356.7121
830,-9005.515,9267.2344
831,-3965.4485,2389.3652
832,-4840.3035,9415.2373
833,-10067.728,5489.9444
834,-10124.9316,8312.7256
835,-10776.9799,8779.1483
836,-9065.0596,8042.3345
837,-5378.53,10744.881
838,-9140.2165,6162.1961
839,-11620.2822,5983.228
840,-10571.879,9541.7965
841,-7074.5291,7552.0126
842,-11649.4471,5104.0527
843,-4913.5279,4781.3037
844,-8369.6867,6534.5228
845,-5123.4093,3872.142
846,-6674.5313,2416.6007
847,-9947.8901,4752.3341
848,-7514.7084,2123.6539
849,-11658.9391,7245.1623
850,-8408.5519,4611.7091
851,-5849.3544,3857.107
852,-6111.2652,6274.9603
853,-1694.3391,3175.8817
854,-5347.0663,1845.4298
855,-1769.2195,6564.7262
856,-8549.954,3593.5296
857,-7771.1179,4286.2038
858,69.9205,1926.7559
859,-2480.2695,3830.2111
860,-5638.7319,4900.0448
861,-568.6229,6197.1962
862,-4889.2359,577.4214
863,-10920.2922,6552.377
864,-8258.3546,2599.5955
865,-9462.2567,1992.0907
866,-11072.7524,4730.6052
867,-9997.2092,3271.1964
868,-9200.0001,2736.5684
869,-10811.1603,5707.7
870,-12601.658,5490.2356
871,-7235.0593,1415.3914
872,-6942.1781,6215.9174
873,-12609.9987,6795.3689
874,-6822.6263,-673.7601
875,-10398.058,4215.8807
876,-8394.6742,221.8715
877,-10897.7256,3667.1341
878,-9666.6162,-311.8483
879,-9025.392,536.7553
880,-6216.1929,553.2402
881,-6958.0093,207.2878
882,-7304.3494,-1284.9117
883,-9373.552,1183.7565
884,-8099.1261,-879.2011
885,-8578.987,1931.4216
886,-8256.2808,1272.7917
887,-10244.9154,1524.6444
888,-5133.738,-2656.3578
889,-7805.679,-3519.8286
890,-11333.8791,626.3466
891,-5353.227,-3351.4185
892,-10695.958,1045.7784
893,-12099.7962,456.258
894,-9303.3733,-2681.5942
895,-10804.6625,-7.9803
896,-8075.7822,-1775.1987
897,-10287.694,-2605.9568
898,-7132.8917,-3225.2653
899,-10480.9608,-693.9445
900,-11207.5723,2296.1041
901,-6684.0566,-4438.2811
902,-8788.7816,-1410.9048
903,-6127.4009,-1473.7975
904,-12075.6367,-5466.5084
905,-11446.098,1549.6018
906,-11610.0798,-342.0531
907,-11910.3532,-1754.5821
908,-9879.907,-3237.9476
909,-11840.8227,-1019.3332
910,-7859.076,-2492.4901
911,-11029.0818,-1271.6282
912,-9611.0185,-4000.7705
913,-12759.3214,-5149.8605
914,-11486.7412,-3458.0955
915,-12301.6816,-3482.0458
916,-10597.4107,-3564.8549
917,-6701.769,-7666.7134
918,-8535.6422,-2759.753
919,-7737.2906,-210.1658
920,-8166.4255,-5217.6039
921,-7787.361,-4238.4544
922,-7401.3621,-4800.0527
923,-6902.1018,-8460.8521
924,-8808.9963,-3526.4665
925,-6519.3994,-5381.3448
926,-6041.7816,-2639.3141
927,-11514.6436,-2717.4381
928,-8648.6277,-4255.1347
929,-11667.5878,-4709.2644
930,-4122.9466,-8167.8036
931,-7806.0256,-6145.7877
932,-5093.9932,-13932.9136
933,-4824.4834,-8654.9217
934,-5234.1466,-9612.1096
935,-9525.5756,-6460.636
936,-7403.6136,-9157.5496
937,-7438.8066,-10134.684
938,-8728.6339,-6838.9995
939,-7068.2428,-6717.7352
940,-10319.7795,-4524.8669
941,-12335.351,-4345.4723
942,-8032.7049,-7045.7872
943,-11147.4111,-4152.6111
944,-10404.6431,-6397.9728
945,-7432.1654,-7506.1733
946,-9500.0491,-5752.2781
947,-7861.3774,-8095.9059
948,-8622.9653,-5930.7169
949,-9681.8205,-7164.605
950,-6984.0631,-2502.4456
951,-9759.816,-1204.6928
952,-4569.6891,-322.5855
953,-11032.6862,-2230.402
954,-12304.4118,-2541.2584
955,-9340.5042,-1932.1939
956,-10848.1167,2926.7736
957,-8959.0362,-565.3563
958,-11006.0581,-5143.3082
959,-3763.3222,-6210.1587
960,-10337.013,-1772.2206
961,-10604.5504,-5664.4018
962,-9781.4938,-5046.9274
963,-8988.5134,-4930.131
964,-5441.1934,-67.0795
965,-10254.4887,2336.8993
966,-9988.7989,422.8744
967,-1350.9293,-3774.9587
968,-4704.71,-1177.4229
969,-4694.3493,-3781.3938
970,-3159.7375,-4259.5735
971,-2017.7624,-5625.017
972,4347.8047,-8614.8286
973,2051.0663,743.1417
974,1120.1174,-1118.4326
975,-1347.7771,-6029.0955
976,4166.0093,-1418.286
977,-2426.5282,-2514.574
978,797.8505,-6634.828
979,-4048.4547,-2968.4451
980,1913.8786,-2287.6135
981,-941.7993,-5212.3771
982,1168.6338,-8270.8351
983,-781.3882,-1859.5116
984,1650.4633,-4376.1
985,204.1579,-2108.0218
986,2609.7275,-4772.5634
987,4729.7678,-714.6216
988,5168.8014,-2922.2461
989,3629.4482,-7923.1088
990,2691.9323,-2998.6011
991,-4798.218,-5738.3826
992,5479.4647,-5641.5808
993,101.1899,-5505.2575
994,1809.1241,-5918.0035
995,226.4276,-11969.4659
996,5571.4164,-3612.2124
997,808.1089,-2748.0257
998,996.5806,-4960.1247
999,-323.7297,-4090.341
1000,4888.8859,-4097.8349
