county_area_county_id,POINT_X,POINT_Y
1,1127610.13,3611201.56
2,1059303.899,3595640.611
3,1102231.684,3579729.105
4,1021401.519,3583831.812
5,1167796.976,3523847.98
6,1158231.835,3558866.458
7,1115981.915,3535487.482
8,1106128.209,3526420.032
9,1129501.845,3491244.083
10,1036756.26,3529449.1
11,1215219.945,3437906.429
12,1166725.514,3470637.535
13,1133528.296,3456826.842
14,1148372.476,3455221.104
15,1119702.758,3433719.859
16,1130713.105,3448910.439
17,1083259.346,3421610.159
18,1054451.17,3428878.286
19,1252437.49,3395767.37
20,1242459.782,3390109.323
21,1203729.321,3390455.304
22,1249899.751,3407922.034
23,1234512.217,3376081.882
24,1153878.546,3385969.746
25,1167928.569,3338576.349
26,1121920.173,3349424.004
27,1052497.273,3375451.957
28,1106459.599,3384310.04
29,1054914.396,3332122.632
30,1261271.948,3323563.554
31,1240795.359,3282369.348
32,1181301.469,3303517.204
33,1140333.965,3244078.459
34,1087968.405,3319727.585
35,1111193.853,3302680.844
36,1051760.19,3290382.116
37,1068156.506,3243935.587
38,1261047.844,3247415.344
39,1267781.346,3226298.764
40,1099287.752,3520838.664
41,1148014.354,3443090.204
42,1088261.095,3490073.476
43,1236202.593,3417847.154
44,1226923.508,3358748.948
45,1185343.976,3432711.031
46,1275513.706,3294083.945
47,1217306.285,3318015.214
48,1188275.547,3268705.696
49,1107462.835,3263728.579
50,1226129.057,3252753.885
51,1011626.491,3556824.188
52,1064374.948,3547076.436
53,1248567.861,3355464.803
54,1139049.233,3313475.602
55,1129104.157,3296917.383
56,1131793.766,3581700.594
57,983517.1649,3566459.862
58,1089644.388,3549649.391
59,1088649.606,3534956.688
60,1126246.201,3563510.898
61,983612.3761,3548981.462
62,1232077.928,3509996.869
63,1149723.689,3304201.919
64,1134797.205,3566102.713
65,1142705.988,3571539.592
66,1078382.363,3667954.797
67,1210162.558,3356318.916
68,1204920.736,3353688.871
69,300006.3777,2981679.2
70,213630.0239,2966153.776
71,368779.4041,2924188.587
72,306802.8775,2935431.76
73,310070.4931,2895562.649
74,269638.6863,2943223.747
75,242296.3274,2918406.839
76,183068.6729,2889421.549
77,237492.0917,2857990.181
78,200872.404,2846443.182
79,191762.8096,2934118.709
80,177232.5108,2916413.532
81,109571.8969,2842138.493
82,-36541.7086,2851078.626
83,310077.2777,2848618.37
84,327059.7288,2802021.428
85,291151.414,2799234.279
86,282304.5894,2834766.573
87,245465.2034,2814158.2
88,197036.2983,2782777.221
89,217869.5074,2775238.749
90,164731.4836,2854126.864
91,160027.9076,2823248.695
92,133136.9958,2802093.647
93,77507.1791,2797045.643
94,27140.2731,2814612.502
95,-8647.0061,2759398.088
96,105827.4279,2704868.617
97,69092.9728,2728551.242
98,104596.3,2747132.905
99,37178.6835,2750912.488
100,55889.4644,2709489.676
101,21745.8449,2703759.517
102,-916.3207,2694352.053
103,23129.5808,2666253.257
104,363462.2576,2804343.639
105,166618.0975,2808244.871
106,-34235.0607,2699412.773
107,127326.4155,2770943.325
108,294544.8694,2712637.475
109,245830.9851,2744771.014
110,139201.3573,2725691.051
111,68688.8485,2660638.325
112,169485.212,2793977.087
113,340158.4171,2734458.266
114,170943.8086,2724173.939
115,312614.3146,2767739.524
116,258980.6814,2780141.283
117,72877.5314,2763379.587
118,290784.8471,2754640.715
119,166811.8831,2787747.978
120,816965.2942,3890912.797
121,891874.3389,3867410.173
122,859768.8967,3829365.705
123,820230.1419,3799429.455
124,771608.0281,3829304.692
125,809797.6149,3822880.913
126,859808.4736,3747853.338
127,808647.3311,3739363.182
128,800316.7664,3773609.802
129,784246.663,3748109.199
130,786346.7062,3735355.897
131,772246.7048,3732099.346
132,766978.1452,3743261.405
133,694881.6282,3719661.62
134,721674.7277,3730042
135,720825.3958,3757878.833
136,598636.2718,3733487.726
137,638732.0834,3738867.556
138,633757.5266,3698771.298
139,619595.7911,3727561.057
140,1025939.628,3676801.635
141,1007109.901,3703252.265
142,954043.2901,3700498.36
143,931437.3436,3685090.479
144,891294.594,3676609.217
145,904756.0237,3712283.16
146,799556.6164,3683786.422
147,811503.0573,3667453.407
148,798774.6908,3661838.397
149,728518.7689,3641363.686
150,706119.8539,3667559.667
151,897636.82,3634120.212
152,903926.3589,3584631.94
153,856889.3772,3613815.877
154,812634.808,3589494.715
155,929689.853,3589565.61
156,859475.8257,3583331.091
157,855863.7113,3540030.818
158,815368.1404,3567922.714
159,826284.4776,3542580.98
160,778965.449,3574750.38
161,732347.8705,3571980.987
162,775655.7747,3528534.522
163,733379.2378,3536239.293
164,674109.2812,3586957.087
165,693035.0588,3548375.683
166,659089.453,3540468.737
167,649749.04,3496252.935
168,627953.1345,3561502.067
169,586909.6689,3582535.862
170,591168.9137,3526615.071
171,952905.9509,3495860.903
172,911596.4933,3487600.049
173,941764.5648,3459170.762
174,875682.8599,3499492.304
175,837760.2672,3473674.371
176,824806.2606,3513428.906
177,777038.4835,3479605.665
178,723891.1696,3494664.451
179,683982.0094,3484099.394
180,992150.3148,3464900.594
181,918970.6075,3401840.552
182,914213.4383,3434747.889
183,876191.8401,3441173.784
184,771694.1791,3790845.327
185,785534.8723,3791106.708
186,793303.0083,3815480.121
187,878939.3481,3721727.423
188,543098.2755,3634753.811
189,700901.7773,3525707.831
190,914562.2072,3530108.901
191,792842.1661,3808424.101
192,720451.2456,3784705.311
193,574273.9909,3710103.113
194,520587.0947,3685865.044
195,638369.1794,3645200.377
196,599938.8833,3631502.402
197,884578.9494,3550762.663
198,745560.6822,3652935.827
199,672885.9244,3653690.837
200,661375.9331,3770794.578
201,563346.6163,3726321.135
202,813310.9498,3640573.553
203,833179.5853,3661351.323
204,704245.8321,3777326.907
205,727490.3053,3794678.041
206,747790.4052,3734334.178
207,724461.0677,3697955.221
208,759389.7284,3711693.841
209,662087.403,3720159.214
210,669822.5109,3717748.759
211,586697.9349,3679539.568
212,703209.0275,3620466.68
213,743441.216,3626367.75
214,732691.4279,3792882.581
215,738485.312,3791270.815
216,753113.822,3794114.496
217,825537.0503,3703320.724
218,662674.6674,3727066.88
219,675248.0053,3697228.039
220,853488.5847,3673320.017
221,860463.6976,3639203.958
222,758137.9799,3676047.592
223,777331.7235,3639379.329
224,751393.4256,3619297.54
225,806929.2351,3881299.639
226,746507.3758,3799861.585
227,750617.6365,3772496.564
228,813351.9216,3620873.899
229,760572.4828,3627248.051
230,759107.6246,3599004.849
231,815634.9832,3876339.483
232,806468.5454,3868920.793
233,855676.6811,3712195.713
234,786588.6334,3707843.296
235,836453.1646,3611740.907
236,812918.1177,3847107.912
237,670181.3994,3740430.992
238,813058.2054,3605504.152
239,715949.5537,3637740.346
240,790497.1664,3605126.363
241,842679.3948,3856900.815
242,837614.8311,3754472.49
243,797105.7693,3800315.129
244,788580.4903,3802214.301
245,679556.5531,3749600.707
246,878579.7913,3622528.188
247,743739.9676,3745239.467
248,695518.3091,3753111.152
249,772597.837,3756226.353
250,668447.7303,3727707.338
251,674656.3777,3726704.253
252,471955.1622,3526358.699
253,645787.0146,3432369.101
254,601566.1148,3435306.176
255,578461.868,3382507.194
256,786475.456,3389509.517
257,761432.6781,3324240.176
258,687156.9051,3384747.358
259,710643.5379,3338227.061
260,666004.1436,3327737.879
261,655938.5638,3414315.4
262,630713.3366,3377326.909
263,588000.2266,3299783.842
264,943865.9768,3300144.929
265,919237.9531,3306719.735
266,879957.3774,3323345.997
267,848088.4386,3313552.909
268,856854.7809,3288854.623
269,846398.1133,3348983.807
270,824711.2235,3320565.243
271,808177.378,3352885.703
272,804641.8559,3309868.044
273,819374.8946,3276924.447
274,766748.4373,3275490.522
275,697529.6021,3272105.909
276,678530.3566,3297581.25
277,644292.3737,3286118.572
278,617454.5095,3323876.836
279,594261.9584,3273533.823
280,582997.4475,3267899.963
281,602119.9807,3265042.083
282,534826.7517,3287936.132
283,545015.4091,3335663.334
284,553470.1407,3241775.639
285,970929.3638,3278411.002
286,935277.8346,3225758.866
287,969046.269,3241051.427
288,940169.1386,3276510.517
289,919742.1406,3270848.635
290,889370.3877,3269408.526
291,887933.6438,3241481.991
292,914078.7645,3236977.055
293,850749.8509,3204850.181
294,848438.3174,3260839.232
295,794765.5005,3237819.06
296,735745.5949,3238558.07
297,709854.1132,3209379.507
298,700570.074,3233796.632
299,672719.3132,3241888.191
300,638338.9153,3248054.841
301,604146.0246,3223731.168
302,940189.4559,3255613.148
303,894487.7535,3197274.941
304,519933.4275,3484350.404
305,846966.7595,3246456.915
306,880431.7175,3286311.586
307,939584.8236,3242613.169
308,947910.1305,3241406.913
309,609252.6579,3254349.895
310,874655.9494,3280668.028
311,870313.3553,3279480.047
312,870696.7147,3273122.035
313,954098.244,3246506.082
314,573747.2293,3173771.953
315,794350.7469,3149648.301
316,790237.1437,3112366.66
317,717635.4031,3140604.333
318,754183.093,3151744.657
319,705071.0509,3114343.393
320,639750.3972,3164862.636
321,660889.9989,3135355.482
322,633871.9465,3134842.213
323,568524.6471,3120734.273
324,528090.2152,3113619.079
325,841353.4993,3069581.959
326,753534.4136,3056765.397
327,783545.3924,3069103.066
328,728095.0664,3084372.825
329,711271.3793,3047607.63
330,678870.8992,3068181.507
331,541576.535,3027094.447
332,759057.035,3010653.645
333,776965.467,3013340.185
334,785164.0537,3001726.579
335,769208.0404,3001699.363
336,782105.9978,2993859.361
337,775482.2354,2990699.53
338,715416.597,2988615.253
339,616525.7916,3008888.404
340,663387.2274,2941514.222
341,551866.931,2944773.233
342,608982.4543,2952427.292
343,833795.4319,2890432.35
344,790235.3305,2924186.206
345,789789.6393,2877272.866
346,761072.1132,2940336.768
347,744314.0099,2902963.575
348,704018.8763,2913256.696
349,673669.3774,2880714.184
350,464499.3078,2940316.467
351,439699.0663,2958969.971
352,853756.3196,2851554.858
353,785094.7999,2803073.063
354,729108.5739,2832654.905
355,502090.781,2916711.459
356,499527.2703,2875333.371
357,451847.2184,2891240.737
358,472736.4361,2841086.038
359,877478.4584,2806270.829
360,827608.2937,2824060.986
361,832952.9791,2789953.879
362,737438.979,2792870.092
363,687035.4627,2838431.456
364,690808.3451,2800078.93
365,657133.4447,2806199.482
366,637213.6408,2807489.2
367,567147.0884,2828552.738
368,528338.6922,2774957.767
369,758567.9953,2741798.337
370,721375.9906,2738686.852
371,741361.3769,2711972.533
372,669489.021,2737803.749
373,661168.3528,2690966.762
374,627896.1647,2662802.914
375,485998.0462,2978055.821
376,886961.1129,2762906.451
377,685546.4445,3134198.057
378,676850.2427,3023135.778
379,478672.5276,3072974.807
380,797529.2285,3016608.443
381,484062.5834,3027126.007
382,509602.8469,2955986.071
383,585799.5934,2892718.028
384,652357.9744,2761235.156
385,462634.8891,2994021.599
386,483509.7446,2916311.875
387,634057.6221,2904562.027
388,623629.0986,2853892.68
389,454227.5882,2796329.44
390,525359.5525,3087759.882
391,495771.692,3135734.948
392,603903.2975,3069024.814
393,731834.5981,2945978.081
394,723138.1955,2874821.954
395,627904.4136,2882692.765
396,550738.6255,2862904.58
397,780052.095,2966934.61
398,789525.4223,2968517.887
399,683694.4582,2945533.656
400,643442.6261,2884910.651
401,514226.5579,2817565.536
402,801485.7986,2970513.546
403,788928.8199,2956482.12
404,632903.9725,2874971.912
405,781178.0277,3131277.524
406,720567.9719,3027997.313
407,797888.474,2957912.928
408,733333.3728,2969532.458
409,758661.0968,2894805.146
410,634432.6939,2933010.738
411,749705.7266,2861180.508
412,744525.7355,2851204.742
413,769779.2052,2963572.572
414,756872.2955,2851997.112
415,651164.9912,3083771.899
416,751151.8225,2846567.179
417,1283766.546,3567676.387
418,1086119.164,3161159.021
419,1050150.53,3157629.897
420,996225.341,3176357.127
421,961161.6381,3137274.014
422,1180246.621,3128855.621
423,1159068.155,3096235.903
424,1121581.537,3089414.441
425,1080005.061,3092395.932
426,1047706.564,3088196.344
427,1031445.699,3130875.457
428,985353.4859,3104020.133
429,1020974.687,3095458.262
430,979910.0992,3081213.615
431,1222331.968,3082768.428
432,1201201.032,3073085.674
433,1144589.109,3007618.335
434,1155264.693,3052742.27
435,1127426.576,3038177.722
436,1095395.762,3059242.691
437,1106399.531,3002338.48
438,1051730.943,3017231.977
439,998491.2642,3040051.753
440,1013099.27,3006962.104
441,957434.3894,3017244.914
442,946242.948,3044879.663
443,1102233.36,2942143.673
444,1062659.262,2935427.948
445,1080202.209,2975788.453
446,1061172.305,2889744.491
447,998389.7317,2957514.522
448,1025440.83,2972525.99
449,975581.8478,2979922.777
450,958414.4931,2893863.067
451,1007160.915,2910176.2
452,927045.2546,2920297.635
453,887277.0847,2940354.012
454,870577.1633,2947252.262
455,1088798.267,2850582.808
456,1034924.465,2826345.75
457,997097.6566,2883423.6
458,995942.5488,2853595.589
459,973295.2997,2822223.656
460,1046823.355,2772950.481
461,1003989.09,2734774.171
462,991121.1841,2756317.292
463,1043771.725,2694722.868
464,1017953.74,3158743.358
465,1261593.988,3086005.751
466,943585.1108,2976116.541
467,1035702.69,3091171.885
468,1164508.748,3157457.504
469,1050042.94,3198792.604
470,1169390.502,3046124.048
471,1050976.811,3077567.623
472,1052541.164,3083271.042
473,977550.3552,2902447.471
474,1170976.618,3164338.253
475,1055535.873,3075978.563
476,952973.6286,3890044.95
477,681308.1773,4303614.297
478,696400.2338,4272617.576
479,651396.2839,4324664.624
480,621470.7923,4323175.55
481,656410.9802,4270707.75
482,608726.9519,4278385.048
483,562817.1579,4257540.074
484,682512.1101,4224327.091
485,653512.916,4193228.814
486,630297.8615,4242411.204
487,612114.9649,4188179.041
488,593672.257,4226647.877
489,572484.3115,4206576.213
490,557407.68,4174918.068
491,701956.2578,4082135.414
492,660369.584,4110402.588
493,686501.9596,4159351.411
494,650439.8105,4147551.397
495,604537.0699,4139869.817
496,612345.4183,4084226.144
497,565722.4328,4130824.921
498,546000.8837,4077733.182
499,692001.2282,4003653.974
500,677825.0125,4060500.643
501,640881.4238,4045888.562
502,670712.0244,4032344.362
503,648535.8445,4017522.85
504,603423.0398,4033247.17
505,632045.7851,3999969.305
506,589113.4642,4058002.764
507,546301.1854,4039897.065
508,585552.535,4015827.379
509,537269.4485,4006948.002
510,669507.058,3952857.447
511,637880.8489,3949784.769
512,609480.3822,3984487.516
513,588323.4196,3961407.277
514,567700.0437,3938308.937
515,525785.0129,3943502.346
516,687848.1157,3886695.361
517,681199.1185,3912512.235
518,643903.8448,3889369.189
519,671422.3097,3851451.17
520,585537.3984,3903568.384
521,616646.5123,3903217.557
522,570763.38,3879989.931
523,612175.3778,3862397.428
524,697871.9603,3820633.742
525,604524.3125,3836113.494
526,590487.8506,3810285.471
527,529402.9069,3817690.275
528,562463.355,3794309.943
529,524165.8521,3743948.422
530,684225.6797,4333701.948
531,584488.9105,4097083.433
532,598477.5541,3935510.232
533,712409.1702,3907804.613
534,645829.7263,4095900.932
535,713738.1968,3878947.952
536,726221.955,4089616.455
537,700099.6041,3940877.46
538,682399.8286,4357837.808
539,564750.8609,3851100.048
540,541130.5306,3911908.838
541,702327.3899,3853727.637
542,547605.2785,3822549.923
543,579270.8052,3988306.382
544,550775.9724,3972858.817
545,725318.7951,3919618.457
546,578497.0955,3832761.472
547,565304.4266,3822572.038
548,694774.8597,4339457.386
549,638327.3398,4082881.801
550,658309.6415,4090032.412
551,642449.8961,4067438.116
552,715594.0836,3896747.209
553,665754.8415,4087271.493
554,654024.5254,4066759.502
555,737719.3576,4090665.637
556,740429.5076,4089399.032
557,461784.9019,4094455.211
558,492255.3358,4041483.378
559,467106.0815,4031677.688
560,459856.412,3993556.977
561,384812.504,4064835.988
562,330043.5784,4021119.538
563,401559.7373,3995586.007
564,363719.9156,3959439.573
565,272476.4997,3962719.233
566,243945.4175,4025242.495
567,407335.2899,3921685.657
568,367458.0761,3894828.198
569,320009.7395,3938154.133
570,403937.9459,3827461.825
571,357345.0519,3856386.771
572,350520.0271,3812169.93
573,437042.9718,3770142.879
574,407185.994,3774289.751
575,384027.3081,3762199.699
576,379236.8201,3728825.195
577,413962.2074,3740229.797
578,363447.8249,3743564.735
579,343276.356,3747496.536
580,312750.1423,3758210.509
581,319568.0037,3725236.871
582,273863.6044,3744329.584
583,242689.1067,3713402.896
584,252595.1053,3757137.592
585,194841.244,3710107.86
586,146657.1815,3681078.212
587,158239.2223,3721787.15
588,433506.7353,3678464.488
589,410413.9894,3693250.571
590,399975.2939,3641681.12
591,386468.3663,3682101.961
592,369691.956,3663580.931
593,356462.316,3633220.027
594,357200.2133,3707949.807
595,339619.8741,3696579.899
596,312800.0554,3694344.88
597,327357.6846,3670243.005
598,342106.895,3675782.008
599,313351.4839,3661645.238
600,281807.178,3620582.155
601,287531.7146,3661803.127
602,263189.846,3671799.324
603,241889.5865,3671019.763
604,218573.5245,3617637.245
605,189121.8017,3656043.988
606,189458.2484,3671745.754
607,159375.5124,3622059.512
608,441867.1453,3620458.218
609,389036.2357,3595418.777
610,314165.0828,3574601.948
611,297523.5846,3520879.746
612,266385.0174,3574592.321
613,238383.3516,3553654.563
614,206247.404,3536123.405
615,177796.5758,3579516.204
616,151604.077,3537416.839
617,105458.3403,3552706.385
618,397257.2111,4126008.486
619,438235.8598,3824450.124
620,374016.2207,3785488.109
621,290240.0186,3685691.796
622,454993.8383,3693116.42
623,366212.6012,3688551.419
624,325102.9938,3627726.068
625,255791.1828,3642075.547
626,186673.2431,3531697.456
627,462991.48,3769786.49
628,218665.6569,3689202.071
629,353462.7825,3667901.377
630,279140.2832,3657177.781
631,357930.586,3494734.559
632,386229.1529,3702702.668
633,352535.0728,3659571.823
634,355800.2485,3651858.901
635,320816.4484,3503347.622
636,422061.7369,4030805.444
637,478728.2254,3812979.708
638,357908.4746,3657109.592
639,360333.9902,3661294.978
640,443739.7469,3958221.487
641,460115.6833,4066458.573
642,-272133.1019,2794050.525
643,-224676.4277,2790997.038
644,-342241.3426,2799642.241
645,-337550.4897,2834320.412
646,-297053.6279,2832929.689
647,-239340.7705,2899977.624
648,-208450.0811,2905040.326
649,-354745.4839,2893512.421
650,-276974.7052,2880189.104
651,44718.3723,2958606.078
652,92844.9773,2941754.317
653,12813.1239,2976057.665
654,-41026.6952,2952278.317
655,-146377.5865,2980525.135
656,-209814.2374,2957845.823
657,-249059.0004,2972618.161
658,-393983.9551,2995598.341
659,-282458.4174,2936306.228
660,-285123.7754,3009161.982
661,-19690.8416,2969452.522
662,-39948.169,2995636.451
663,-185112.3164,2998776.426
664,-230599.6783,3016424.888
665,-7613.247,3005060.346
666,11558.5751,3021592.305
667,-549464.3665,3045529.839
668,-97732.0389,3026503.643
669,-147013.1481,3036610.71
670,-325678.7696,3055527.64
671,37498.9823,3019985.712
672,26431.0193,3043523.713
673,-60481.9121,3048973.447
674,42905.3059,3056335.227
675,-30523.801,3038722.979
676,-216195.2794,3058888.598
677,-114032.4392,3060731.926
678,1882.318,3071847.444
679,-185311.2498,3058414.96
680,-184671.0035,3096254.908
681,-14764.9624,3087496.682
682,-98952.8926,3085640.512
683,-557909.1062,3163334.349
684,-65274.992,3106626.887
685,-154127.4685,3117260.762
686,-261081.5767,3089144.763
687,-310315.8695,3171414.295
688,-460127.7886,3170485.191
689,-4242.5541,3120313.643
690,-7382.7836,3102992.214
691,-91275.1842,3131868.411
692,-189549.0177,3126818.818
693,-228201.9436,3110369.67
694,-39770.0699,3126531.717
695,-365980.1473,3170799.692
696,-138542.83,3147220.803
697,-116157.1224,3128509.081
698,-226291.5921,3151834.581
699,-276132.9886,3147010.846
700,-20532.7068,3141705.407
701,-111889.3015,3152107.788
702,-187884.5938,3164896.503
703,-74691.4141,3169975.815
704,-120069.9754,3178519.384
705,-169531.3077,3187907.639
706,-231484.0633,3182867.767
707,-143642.5877,3199330.055
708,-167393.7667,3215760.646
709,-216961.6885,3237488.376
710,-359686.0293,3275765.801
711,-306784.7729,3284854.248
712,-187862.0484,3218780.987
713,165505.2896,3240033.191
714,-537807.3192,3304850.185
715,-238202.39,3301723.533
716,-444770.8472,3287930.939
717,-128252.5695,3245199.162
718,-152237.457,3244437.521
719,-161170.706,3303884.83
720,3100.9286,3296899.744
721,-84200.3801,3265905.696
722,-66934.7453,3284547.763
723,-105217.7865,3300863.902
724,103462.8729,3278462.315
725,79739.4972,3291101.306
726,85683.1261,3315805.574
727,35608.8569,3273305.777
728,-55808.8769,3303934.454
729,-405567.0552,3347714.531
730,186299.5561,3279634.173
731,133630.7715,3285294.729
732,44078.3958,3311498.241
733,141813.891,3334045.631
734,-19262.0805,3270890.679
735,-44464.1185,3319753.786
736,-129133.0454,3288849.822
737,-185886.1227,3350564.709
738,-299810.1093,3347687.194
739,-29896.9983,3331305.182
740,-366716.3407,3419898.717
741,-487724.9011,3411973.621
742,-59888.759,3350029.065
743,-82418.9578,3332991.686
744,-8242.0451,3343905.428
745,17190.5163,3357062.997
746,-69878.457,3392085.985
747,-128048.9355,3380660.969
748,-277685.4655,3402359.748
749,-444009.3397,3446764.495
750,97928.744,3346512.628
751,102148.548,3390263.956
752,46058.3775,3387114.293
753,217569.4905,3413915.207
754,161268.2559,3373293.55
755,201674.0342,3352950.614
756,-218416.8373,3481351.991
757,-181368.5742,3416399.667
758,-55941.5224,3446470.159
759,-136306.6164,3467417.146
760,11294.2246,3447877.125
761,87994.7492,3470843.782
762,73082.5857,3444214.812
763,169177.9626,3435501.876
764,-98427.73,3544945.892
765,-192627.4384,3586004.51
766,-24173.6516,3181629.275
767,1798.5315,3206506.434
768,-44861.3504,3215514.256
769,-91679.9931,3222750.799
770,-111584.1944,3220014.91
771,-37206.0391,3253168.534
772,-99866.2878,3250039.476
773,-112042.2737,3250867.577
774,-92385.725,3240603.092
775,-322475.6414,2795732.939
776,-176905.6485,2916286.988
777,-6564.3606,3047761.452
778,-507365.1993,3085806.019
779,-135839.9267,3099052.549
780,-150031.0849,3174157.71
781,160580.5249,3303202.277
782,235035.5039,3314963.856
783,-90659.1204,3305510.857
784,-7111.0783,3390697.158
785,128885.7436,3438798.168
786,-106061.5069,3266144.639
787,-90280.8549,3251847.129
788,-62550.3182,3260901.009
789,-115133.7876,3106464.857
790,117632.9397,3260420.266
791,77409.1123,3415187.034
792,-561421.8452,3419700.872
793,-108642.145,3200512.147
794,-81172.6107,3249603.036
795,-83980.7362,3239801.449
796,-39804.1228,3093170.367
797,-67064.3124,3239262.136
798,-458517.9996,3043872.385
799,23325.7939,3236457.67
800,-28511.883,3089052.87
801,-225938.5472,2848705.535
802,413908.2023,3280749.944
803,362627.1903,3295330.786
804,317113.9884,3320039.277
805,321606.6479,3256499.775
806,276343.956,3213728.76
807,256710.6393,3249396.496
808,77083.2852,3188420.5
809,125669.2693,3179608.577
810,313612.6772,3187624.348
811,313299.0565,3104620.69
812,269807.6863,3162851.003
813,223001.2855,3136304.858
814,203704.3889,3169062.964
815,166558.3568,3152157.438
816,142354.9598,3151144.646
817,130648.2368,3130759.791
818,113869.5239,3123459.662
819,98313.8917,3151421.646
820,83647.2024,3092804.906
821,70735.4663,3133005.13
822,48215.6497,3112148.396
823,368326.7504,3051344.971
824,356798.9814,3109084.153
825,259775.4387,3105247.886
826,208705.031,3077363.047
827,166052.6421,3047770.778
828,164766.2232,3098122.002
829,116913.1565,3073958.834
830,389401.5089,3011011.9
831,231270.0478,3203239.706
832,407105.4386,3349713.272
833,170285.2989,3132560.5
834,130532.8943,3108799.55
835,158812.5491,3121248.568
836,147264.9727,3122591.909
837,136771.5498,3104122.49
838,817326.2737,2734421.684
839,789415.5043,2718313.139
840,843456.9443,3896893.823
841,317786.3687,3452087.435
842,1006498.547,3391991.399
843,1039995.143,3228434.706
844,394873.4562,3437258.159
845,867683.4403,3150543.891
846,897857.5986,3884517.264
847,680147.4444,2634272.085
848,722120.9298,2675183.083
849,698616.7003,2710693.148
850,83706.8776,2605556.832
851,117143.2822,2640067.551
852,255892.3923,2687535.303
853,297412.6872,2658183.284
854,371288.9566,2712176.127
855,370502.8082,2836286.942
856,341537.0973,2855422.054
857,391370.2124,2881199.024
858,417721.0429,2903891.044
859,406788.4188,2922803.361
860,389820.4729,2959746.792
861,343614.5251,2953386.031
862,324962.6121,3005244.696
863,281686.8565,3025474.728
864,251552.8983,3055190.25
865,429846.2826,3005305.265
866,436392.0458,3039550.388
867,433253.7332,3094274.237
868,406426.3102,3115563.798
869,381751.9174,3149394.389
870,231644.7775,3011860.899
871,180479.4461,2986318.629
872,88339.6627,3003018.725
873,91686.9303,3041527.939
874,45341.854,3076988.611
875,538355.8235,4226684.83
876,736666.27,4356888.274
877,718850.2305,4330353.832
878,763553.1396,4379854.793
879,769610.8177,4308499.88
880,778030.9292,4264808.712
881,727645.3386,4240772.378
882,718692.5759,4191625.928
883,717033.5749,4129247.748
884,755817.3345,4089454.848
885,758007.609,4057246.514
886,735276.758,4030863.658
887,738276.4864,3995326.154
888,735442.4598,3948205.761
889,711485.9452,3969979.751
890,751276.5654,3904485.383
891,729670.1978,3883543.448
892,739568.1094,3843274.647
893,782160.7402,3883886.566
894,699744.8992,3815353.287
895,654795.7939,3806633.873
896,608631.1919,3780170.333
897,567721.4073,3766711.982
898,560791.4786,3743101.975
899,476484.6571,3652745.048
900,476510.9148,3691352.079
901,491519.687,3735951.393
902,502168.9147,3765337.485
903,508624.0014,3792707.262
904,506428.9447,3820142.993
905,525330.1242,3854420.845
906,504711.1041,3879648.8
907,491292.9474,3944346.502
908,501222.1758,3978629.889
909,509523.7291,4020834.041
910,507884.6912,4084023.552
911,519377.5673,4133334.729
912,522210.1821,4189538.542
913,-623425.4077,3550820.306
914,178318.2099,3500703.206
915,494958.2344,3599373.991
916,526092.8249,3570311.959
917,454327.8184,3568241.948
918,371991.2277,3559224.677
919,452457.5673,3489447.487
920,359605.7519,3430372.93
921,273789.1781,3346014.478
922,444513.7987,3410917.68
923,511880.6381,3364649.714
924,230840.1601,3492540.756
925,271109.8073,3293289.288
926,189357.8843,3202733.34
927,134278.1388,3235628.145
928,125224.6051,3212013.405
929,37287.7291,3171321.995
930,38003.8616,3218714.432
931,67538.8243,3226073.641
932,88425.6982,3250187.289
933,173680.4209,3218366.44
934,18743.4625,3133245.672
935,362672.07,3205138.232
936,430037.5756,3230518.369
937,466446.198,3247774.467
938,434582.3155,3168476.451
939,494956.6099,3175118.157
940,499065.5783,3277304.967
941,524998.5221,3212493.475
942,635965.5377,3204508.778
943,680626.553,3190942.417
944,716766.3532,3169480.365
945,796918.632,3199138.581
946,859513.2344,3124640.247
947,918950.6018,3166171.564
948,908753.5798,3102449.264
949,965947.6904,3201319.83
950,1107258.497,3217587.728
951,1054831.965,3189326.694
952,1077417.244,3195332.967
953,1130118.385,3153495.589
954,1175543.462,3194439.023
955,1293601.626,3238642.068
956,1285355.466,3074137.151
957,1239717.819,3093202.051
958,1234670.951,3038822.127
959,1183709.896,3041439.21
960,1175240.071,2992502.166
961,1170404.098,2935386.396
962,1130148.495,2914176.748
963,1121209.33,2873558.051
964,1127917.055,2823202.858
965,1094401.694,2776476.395
966,1077482.639,2728134.56
967,1074589.322,2660833.435
968,1018107.838,2645904.894
969,982227.4109,2636606.43
970,960257.9339,2643414.623
971,1001706.183,2695686.986
972,868389.9493,2713129.978
973,843851.2118,2753579.059
974,919267.6337,2731585.176
975,936834.751,2762210.09
976,929386.3559,2806727.045
977,902170.725,2836486.3
978,904882.4834,2874755.944
979,879843.9636,2900435.328
980,854630.0118,2931220.475
981,865142.377,2967745.748
982,906466.7317,3013459.787
983,905485.8512,3058971.493
984,968831.7269,2753398.724
985,921277.9815,2699339.396
986,1294985.437,3278696.626
987,1327508.173,3389577.043
988,1295479.779,3367270.038
989,1270500.451,3388509.919
990,1273093.032,3427405.999
991,1237139.193,3451892.399
992,1214147.615,3484086.455
993,1216967.47,3515213.308
994,1246591.691,3533260.637
995,1261997.37,3441401.786
996,1206359.604,3567309.243
997,1166769.701,3601529.692
998,1172745.885,3646206.073
999,1139235.952,3658476.697
1000,1104022.449,3658077.52
1001,1003696.462,3261747.703
1002,1013474.36,3324274.817
1003,985244.0907,3327927.74
1004,901363.1405,3359837.069
1005,868607.7413,3389258.426
1006,1034171.512,3476862.757
1007,980714.1085,3522525.354
1008,952188.2992,3543164.832
1009,950542.7087,3583893.474
1010,981597.6867,3650121.132
1011,1021535.388,3629290.964
1012,1064273.078,3645177.19
1013,1062394.597,3683082.178
1014,1066024.467,3708765.261
1015,1027797.378,3731777.925
1016,953974.8178,3729448.362
1017,982993.4216,3716674.637
1018,927139.7433,3720817.168
1019,870872.7134,3801700.63
1020,868223.7251,3879552.294
1021,831548.7196,3891342.794
1022,826768.7534,3902708.36
1023,549541.2075,3525226.936
1024,570950.7658,3477708.945
1025,624773.8608,3466210.966
1026,790172.0208,3444952.411
1027,903588.0942,3904852.186
1028,819138.5235,3901380.426
1029,836401.6435,3876706.467
1030,31785.933,2881483.564
1031,67381.9243,2861899.885
1032,126922.7769,2916122.107
1033,471268.3361,2759787.991
1034,453604.6021,4178888.934
1035,419917.7908,2836647.196
1036,226979.2211,3292543.661
1037,1009813.413,3227082.322
1038,965553.8983,3420138.631
1039,1202123.387,3345314.912
1040,1031351.944,3184519.138
1041,733099.2356,4289914.618
1042,504114.919,3715739.58
1043,214504.0134,3251269.54
1044,413912.9717,3398460.425
1045,406025.5168,3506627.775
1046,281972.3624,3717508.724
1047,449304.7089,3722660.973
1048,450467.0449,3920233.951
1049,457899.33,3867129.061
1050,95365.1701,3508697.864
1051,265565.4737,3458148.03
1052,501430.8846,3910475.191
1053,1076451.775,3688795.05
1054,1248293.895,3216424.947
1055,1198777.179,3233221.111
1056,972008.3923,3598853.76
1057,1349183.626,3369310.184
1058,1321023.758,3320919.281
1059,1068226.928,3117401.343
1060,905906.8368,2971876.625
1061,1142622.629,2960998.652
1062,1269097.964,3116550.347
1063,1224325.795,3174752.638
1064,1226590.765,3131423.289
1065,893676.385,3765607.206
1066,847923.1764,3779324.266
1067,932212.2789,3876068.833
1068,901195.0199,3847191.851
1069,913362.0361,3746863.285
1070,831838.6441,3439269.276
1071,936819.5864,3629568.182
1072,941226.6193,3658442.79
1073,887193.6818,3276638.336
1074,886769.3106,3285267.196
1075,534333.2885,3470662.147
1076,482246.3856,3443376.564
1077,521929.6724,3419738.347
1078,671012.578,3440391.874
1079,720724.9303,3434606.328
1080,776490.465,3179190.884
1081,945301.7603,3356045.796
1082,848359.7708,3177480.658
1083,821188.6663,3396684.021
1084,846661.3995,3010819.836
1085,827749.199,2945121.925
1086,586284.2606,2803085.782
1087,814969.5579,3149691.886
1088,658898.9747,3102592.345
1089,759198.6438,2680690.007
1090,409224.3534,2870621.192
1091,347635.3437,3389980.829
1092,460494.4945,3308509.686
1093,-318126.6705,2765598.146
1094,496780.9137,4221930.01
1095,56149.3874,3230663.81
1096,277623.5093,3398643.778
1097,-296494.5154,3501079.56
1098,185186.374,2809768.272
1099,265110.5912,2883585.848
1100,125562.8029,2985219.046
1101,-15285.2536,2613929.564
1102,37355.4502,2629237.236
1103,146514.9567,2876116.695
1104,-86034.1452,2826548.733
1105,363324.8862,2883413.376
1106,408746.2677,2796169.893
1107,405087.38,2754708.039
1108,210383.9501,2703714.079
1109,170765.9659,2661590.287
1110,23338.1441,3100449.181
1111,-16549.4471,2790775.091
1112,1261305.733,3449852.783
1113,165294.976,2769973.149
