«¯”Ú1,«¯”Ú2,æ‡¿Î
1,3,69540
3,1,69540
1,9,59231
9,1,59231
1,10,40839
10,1,40839
1,14,33419
14,1,33419
1,15,20793
15,1,20793
1,17,15264
17,1,15264
1,22,17287
22,1,17287
1,24,54291
24,1,54291
1,26,33387
26,1,33387
1,27,57540
27,1,57540
1,29,50027
29,1,50027
1,30,59357
30,1,59357
1,31,31447
31,1,31447
1,34,56572
34,1,56572
1,36,38262
36,1,38262
1,39,40630
39,1,40630
1,38,225409
38,1,225409
1,41,307922
41,1,307922
1,45,317872
45,1,317872
1,47,257128
47,1,257128
1,48,350433
48,1,350433
1,52,313063
52,1,313063
1,54,229252
54,1,229252
1,55,363399
55,1,363399
1,57,314717
57,1,314717
1,60,273066
60,1,273066
1,63,334252
63,1,334252
1,64,364152
64,1,364152
1,65,273081
65,1,273081
1,66,193399
66,1,193399
1,69,320187
69,1,320187
1,71,248936
71,1,248936
1,73,366600
73,1,366600
1,74,344043
74,1,344043
1,76,226949
76,1,226949
1,78,345703
78,1,345703
1,79,352834
79,1,352834
1,2,355122
2,1,355122
1,4,411737
4,1,411737
1,5,421131
5,1,421131
1,6,392042
6,1,392042
1,7,342055
7,1,342055
1,8,370692
8,1,370692
1,11,431204
11,1,431204
1,12,345129
12,1,345129
1,13,325497
13,1,325497
1,16,294107
16,1,294107
1,18,459600
18,1,459600
1,19,386444
19,1,386444
1,20,469673
20,1,469673
1,21,484086
21,1,484086
1,23,488879
23,1,488879
1,25,446192
25,1,446192
1,28,439597
28,1,439597
1,32,358515
32,1,358515
1,33,318847
33,1,318847
1,35,464316
35,1,464316
1,37,448036
37,1,448036
1,40,472857
40,1,472857
1,42,482131
42,1,482131
1,43,512231
43,1,512231
1,44,447891
44,1,447891
1,46,468809
46,1,468809
1,49,485999
49,1,485999
1,50,483510
50,1,483510
1,51,433708
51,1,433708
1,53,434265
53,1,434265
1,56,465284
56,1,465284
1,58,456487
58,1,456487
1,59,464327
59,1,464327
1,61,459558
61,1,459558
1,62,397048
62,1,397048
1,67,465740
67,1,465740
1,68,449037
68,1,449037
1,70,468465
70,1,468465
1,72,462989
72,1,462989
1,75,459812
75,1,459812
1,77,462540
77,1,462540
3,9,75899
9,3,75899
3,10,50545
10,3,50545
3,14,79202
14,3,79202
3,15,82092
15,3,82092
3,17,61011
17,3,61011
3,22,53118
22,3,53118
3,24,105053
24,3,105053
3,26,92224
26,3,92224
3,27,104386
27,3,104386
3,29,104417
29,3,104417
3,30,99648
30,3,99648
3,31,94580
31,3,94580
3,34,102308
34,3,102308
3,36,93791
36,3,93791
3,39,85540
39,3,85540
3,38,285490
38,3,285490
3,41,344264
41,3,344264
3,45,338391
45,3,338391
3,47,309290
47,3,309290
3,48,383025
48,3,383025
3,52,352594
52,3,352594
3,54,285121
54,3,285121
3,55,403820
55,3,403820
3,57,349982
57,3,349982
3,60,310648
60,3,310648
3,63,371290
63,3,371290
3,64,397395
64,3,397395
3,65,318158
65,3,318158
3,66,247662
66,3,247662
3,69,354841
69,3,354841
3,71,292366
71,3,292366
3,73,406300
73,3,406300
3,74,377731
74,3,377731
3,76,281675
76,3,281675
3,78,382912
78,3,382912
3,79,390258
79,3,390258
3,2,370928
2,3,370928
3,4,436376
4,3,436376
3,5,445861
5,3,445861
3,6,421708
6,3,421708
3,7,378428
7,3,378428
3,8,382524
8,3,382524
3,11,451511
11,3,451511
3,12,368564
12,3,368564
3,13,350408
13,3,350408
3,16,305091
16,3,305091
3,18,481333
18,3,481333
3,19,413593
19,3,413593
3,20,487834
20,3,487834
3,21,503096
21,3,503096
3,23,511041
23,3,511041
3,25,452589
25,3,452589
3,28,472526
28,3,472526
3,32,378393
32,3,378393
3,33,338469
33,3,338469
3,35,452840
35,3,452840
3,37,428618
37,3,428618
3,40,489478
40,3,489478
3,42,464178
42,3,464178
3,43,507062
43,3,507062
3,44,472566
44,3,472566
3,46,463859
46,3,463859
3,49,513223
49,3,513223
3,50,515064
50,3,515064
3,51,477319
51,3,477319
3,53,445892
53,3,445892
3,56,486125
56,3,486125
3,58,496101
58,3,496101
3,59,497092
59,3,497092
3,61,508371
61,3,508371
3,62,385814
62,3,385814
3,67,507582
67,3,507582
3,68,475832
68,3,475832
3,70,448586
70,3,448586
3,72,456136
72,3,456136
3,75,499757
75,3,499757
3,77,509893
77,3,509893
9,10,67799
10,9,67799
9,14,67660
14,9,67660
9,15,56876
15,9,56876
9,17,29082
17,9,29082
9,22,45317
22,9,45317
9,24,89959
24,9,89959
9,26,65909
26,9,65909
9,27,94842
27,9,94842
9,29,86108
29,9,86108
9,30,94270
30,9,94270
9,31,75125
31,9,75125
9,34,94563
34,9,94563
9,36,71046
36,9,71046
9,39,68918
39,9,68918
9,38,251077
38,9,251077
9,41,286099
41,9,286099
9,45,299206
45,9,299206
9,47,294815
47,9,294815
9,48,333074
48,9,333074
9,52,303467
52,9,303467
9,54,227168
54,9,227168
9,55,349609
55,9,349609
9,57,298857
57,9,298857
9,60,244808
60,9,244808
9,63,311995
63,9,311995
9,64,348999
64,9,348999
9,65,271945
65,9,271945
9,66,271730
66,9,271730
9,69,304711
69,9,304711
9,71,245835
71,9,245835
9,73,351604
73,9,351604
9,74,333440
74,9,333440
9,76,247591
76,9,247591
9,78,324554
78,9,324554
9,79,341879
79,9,341879
9,2,349934
2,9,349934
9,4,412417
4,9,412417
9,5,413777
5,9,413777
9,6,412597
6,9,412597
9,7,330363
7,9,330363
9,8,355486
8,9,355486
9,11,439862
11,9,439862
9,12,348890
12,9,348890
9,13,308835
13,9,308835
9,16,290976
16,9,290976
9,18,462092
18,9,462092
9,19,395940
19,9,395940
9,20,479452
20,9,479452
9,21,482455
21,9,482455
9,23,488945
23,9,488945
9,25,416955
25,9,416955
9,28,464200
28,9,464200
9,32,383516
32,9,383516
9,33,311004
33,9,311004
9,35,407183
35,9,407183
9,37,400859
37,9,400859
9,40,437461
40,9,437461
9,42,418145
42,9,418145
9,43,448141
43,9,448141
9,44,434344
44,9,434344
9,46,428773
46,9,428773
9,49,447468
49,9,447468
9,50,425770
50,9,425770
9,51,351266
51,9,351266
9,53,414416
53,9,414416
9,56,430365
56,9,430365
9,58,428112
58,9,428112
9,59,423939
59,9,423939
9,61,445805
61,9,445805
9,62,346324
62,9,346324
9,67,452543
67,9,452543
9,68,409076
68,9,409076
9,70,410193
70,9,410193
9,72,423426
72,9,423426
9,75,428217
75,9,428217
9,77,440956
77,9,440956
10,14,78049
14,10,78049
10,15,67746
15,10,67746
10,17,31484
17,10,31484
10,22,22707
22,10,22707
10,24,104859
24,10,104859
10,26,86632
26,10,86632
10,27,112113
27,10,112113
10,29,103157
29,10,103157
10,30,114096
30,10,114096
10,31,86125
31,10,86125
10,34,113399
34,10,113399
10,36,87847
36,10,87847
10,39,84411
39,10,84411
10,38,290610
38,10,290610
10,41,344380
41,10,344380
10,45,336693
45,10,336693
10,47,308921
47,10,308921
10,48,392136
48,10,392136
10,52,367544
52,10,367544
10,54,290227
54,10,290227
10,55,413892
55,10,413892
10,57,347574
57,10,347574
10,60,314812
60,10,314812
10,63,371034
63,10,371034
10,64,408507
64,10,408507
10,65,328524
65,10,328524
10,66,243167
66,10,243167
10,69,352707
69,10,352707
10,71,308082
71,10,308082
10,73,418829
73,10,418829
10,74,387371
74,10,387371
10,76,289611
76,10,289611
10,78,382416
78,10,382416
10,79,410898
79,10,410898
10,2,394024
2,10,394024
10,4,451564
4,10,451564
10,5,442574
5,10,442574
10,6,434413
6,10,434413
10,7,383304
7,10,383304
10,8,410236
8,10,410236
10,11,461988
11,10,461988
10,12,387556
12,10,387556
10,13,367346
13,10,367346
10,16,330405
16,10,330405
10,18,483216
18,10,483216
10,19,426011
19,10,426011
10,20,490341
20,10,490341
10,21,514973
21,10,514973
10,23,520849
23,10,520849
10,25,460387
25,10,460387
10,28,481750
28,10,481750
10,32,404282
32,10,404282
10,33,360357
33,10,360357
10,35,452267
35,10,452267
10,37,455740
37,10,455740
10,40,483609
40,10,483609
10,42,481332
42,10,481332
10,43,491295
43,10,491295
10,44,466558
44,10,466558
10,46,482573
46,10,482573
10,49,508640
49,10,508640
10,50,488243
50,10,488243
10,51,418788
51,10,418788
10,53,454977
53,10,454977
10,56,483812
56,10,483812
10,58,493208
58,10,493208
10,59,494161
59,10,494161
10,61,486979
61,10,486979
10,62,390306
62,10,390306
10,67,504490
67,10,504490
10,68,465194
68,10,465194
10,70,473410
70,10,473410
10,72,469025
72,10,469025
10,75,487085
75,10,487085
10,77,498909
77,10,498909
14,15,8537
15,14,8537
14,17,56209
17,14,56209
14,22,42998
22,14,42998
14,24,25464
24,14,25464
14,26,15953
26,14,15953
14,27,30215
27,14,30215
14,29,20033
29,14,20033
14,30,30126
30,14,30126
14,31,11480
31,14,11480
14,34,30212
34,14,30212
14,36,11997
36,14,11997
14,39,15386
39,14,15386
14,38,210377
38,14,210377
14,41,296381
41,14,296381
14,45,312080
45,14,312080
14,47,234906
47,14,234906
14,48,358054
48,14,358054
14,52,325618
52,14,325618
14,54,204290
54,14,204290
14,55,365354
55,14,365354
14,57,308724
57,14,308724
14,60,257411
60,14,257411
14,63,326606
63,14,326606
14,64,369582
64,14,369582
14,65,289415
65,14,289415
14,66,174269
66,14,174269
14,69,312407
69,14,312407
14,71,255058
71,14,255058
14,73,366568
73,14,366568
14,74,344164
74,14,344164
14,76,203354
76,14,203354
14,78,343733
78,14,343733
14,79,354741
79,14,354741
14,2,358440
2,14,358440
14,4,414299
4,14,414299
14,5,405776
5,14,405776
14,6,396384
6,14,396384
14,7,344657
7,14,344657
14,8,373653
8,14,373653
14,11,439017
11,14,439017
14,12,360494
12,14,360494
14,13,330344
13,14,330344
14,16,299316
16,14,299316
14,18,445906
18,14,445906
14,19,388840
19,14,388840
14,20,461279
20,14,461279
14,21,477353
21,14,477353
14,23,483045
23,14,483045
14,25,435877
25,14,435877
14,28,434401
28,14,434401
14,32,360021
32,14,360021
14,33,320439
33,14,320439
14,35,496789
35,14,496789
14,37,482066
37,14,482066
14,40,488030
40,14,488030
14,42,515652
42,14,515652
14,43,540099
43,14,540099
14,44,457302
44,14,457302
14,46,499881
46,14,499881
14,49,500967
49,14,500967
14,50,519842
50,14,519842
14,51,457370
51,14,457370
14,53,458018
53,14,458018
14,56,481201
56,14,481201
14,58,459135
58,14,459135
14,59,469267
59,14,469267
14,61,466805
61,14,466805
14,62,427424
62,14,427424
14,67,466091
67,14,466091
14,68,469393
68,14,469393
14,70,501818
70,14,501818
14,72,493991
72,14,493991
14,75,469067
75,14,469067
14,77,465409
77,14,465409
15,17,42266
17,15,42266
15,22,35722
22,15,35722
15,24,31546
24,15,31546
15,26,15251
26,15,15251
15,27,35764
27,15,35764
15,29,23820
29,15,23820
15,30,34320
30,15,34320
15,31,12243
31,15,12243
15,34,33363
34,15,33363
15,36,13937
36,15,13937
15,39,17285
39,15,17285
15,38,208365
38,15,208365
15,41,292493
41,15,292493
15,45,308960
45,15,308960
15,47,230327
47,15,230327
15,48,348748
48,15,348748
15,52,319790
52,15,319790
15,54,201146
54,15,201146
15,55,359407
55,15,359407
15,57,302706
57,15,302706
15,60,254126
60,15,254126
15,63,319599
63,15,319599
15,64,360051
64,15,360051
15,65,282751
65,15,282751
15,66,170163
66,15,170163
15,69,305124
69,15,305124
15,71,244329
71,15,244329
15,73,361161
73,15,361161
15,74,336206
74,15,336206
15,76,199640
76,15,199640
15,78,338212
78,15,338212
15,79,352286
79,15,352286
15,2,353540
2,15,353540
15,4,409738
4,15,409738
15,5,400781
5,15,400781
15,6,393347
6,15,393347
15,7,339249
7,15,339249
15,8,366332
8,15,366332
15,11,435743
11,15,435743
15,12,354363
12,15,354363
15,13,324612
13,15,324612
15,16,286209
16,15,286209
15,18,443145
18,15,443145
15,19,383806
19,15,383806
15,20,457887
20,15,457887
15,21,472218
21,15,472218
15,23,479287
23,15,479287
15,25,434001
25,15,434001
15,28,431337
28,15,431337
15,32,354739
32,15,354739
15,33,313928
33,15,313928
15,35,480923
35,15,480923
15,37,465769
37,15,465769
15,40,471454
40,15,471454
15,42,498115
42,15,498115
15,43,522805
43,15,522805
15,44,461938
44,15,461938
15,46,480122
46,15,480122
15,49,486836
49,15,486836
15,50,502499
50,15,502499
15,51,438663
51,15,438663
15,53,438834
53,15,438834
15,56,464667
56,15,464667
15,58,464527
58,15,464527
15,59,470813
59,15,470813
15,61,467910
61,15,467910
15,62,410010
62,15,410010
15,67,469146
67,15,469146
15,68,449434
68,15,449434
15,70,487538
70,15,487538
15,72,475288
72,15,475288
15,75,459033
75,15,459033
15,77,467975
77,15,467975
17,22,19868
22,17,19868
17,24,80837
24,17,80837
17,26,55445
26,17,55445
17,27,85551
27,17,85551
17,29,76324
29,17,76324
17,30,86686
30,17,86686
17,31,59269
31,17,59269
17,34,83972
34,17,83972
17,36,62252
36,17,62252
17,39,59247
39,17,59247
17,38,244801
38,17,244801
17,41,303789
41,17,303789
17,45,314816
45,17,314816
17,47,267453
47,17,267453
17,48,348506
48,17,348506
17,52,312382
52,17,312382
17,54,236061
54,17,236061
17,55,359882
55,17,359882
17,57,311999
57,17,311999
17,60,273729
60,17,273729
17,63,328189
63,17,328189
17,64,360027
64,17,360027
17,65,272519
65,17,272519
17,66,201180
66,17,201180
17,69,315960
69,17,315960
17,71,253426
71,17,253426
17,73,364787
73,17,364787
17,74,340383
74,17,340383
17,76,237022
76,17,237022
17,78,344413
78,17,344413
17,79,349729
79,17,349729
17,2,350083
2,17,350083
17,4,413441
4,17,413441
17,5,428992
5,17,428992
17,6,416615
6,17,416615
17,7,375429
7,17,375429
17,8,362158
8,17,362158
17,11,457069
11,17,457069
17,12,349997
12,17,349997
17,13,332567
13,17,332567
17,16,286999
16,17,286999
17,18,475458
18,17,475458
17,19,381988
19,17,381988
17,20,465624
20,17,465624
17,21,494069
21,17,494069
17,23,505652
23,17,505652
17,25,444420
25,17,444420
17,28,453491
28,17,453491
17,32,374599
32,17,374599
17,33,312388
33,17,312388
17,35,436882
35,17,436882
17,37,419903
37,17,419903
17,40,455042
40,17,455042
17,42,447311
42,17,447311
17,43,478358
43,17,478358
17,44,440297
44,17,440297
17,46,436149
46,17,436149
17,49,476520
49,17,476520
17,50,465917
50,17,465917
17,51,412746
51,17,412746
17,53,415345
53,17,415345
17,56,452885
56,17,452885
17,58,451373
58,17,451373
17,59,442535
59,17,442535
17,61,452836
61,17,452836
17,62,367756
62,17,367756
17,67,460531
67,17,460531
17,68,432372
68,17,432372
17,70,439880
70,17,439880
17,72,430123
72,17,430123
17,75,455490
75,17,455490
17,77,470041
77,17,470041
22,24,70899
24,22,70899
22,26,52660
26,22,52660
22,27,76565
27,22,76565
22,29,67438
29,22,67438
22,30,78362
30,22,78362
22,31,48254
31,22,48254
22,34,77323
34,22,77323
22,36,55134
36,22,55134
22,39,53441
39,22,53441
22,38,266985
38,22,266985
22,41,330399
41,22,330399
22,45,342305
45,22,342305
22,47,282391
47,22,282391
22,48,383105
48,22,383105
22,52,352346
52,22,352346
22,54,255849
54,22,255849
22,55,392571
55,22,392571
22,57,337272
57,22,337272
22,60,294055
60,22,294055
22,63,356436
63,22,356436
22,64,399947
64,22,399947
22,65,313802
65,22,313802
22,66,218120
66,22,218120
22,69,340126
69,22,340126
22,71,299649
71,22,299649
22,73,394510
73,22,394510
22,74,382565
74,22,382565
22,76,256252
76,22,256252
22,78,370835
78,22,370835
22,79,399093
79,22,399093
22,2,378942
2,22,378942
22,4,439074
4,22,439074
22,5,443136
5,22,443136
22,6,431893
6,22,431893
22,7,377531
7,22,377531
22,8,394605
8,22,394605
22,11,460014
11,22,460014
22,12,380698
12,22,380698
22,13,346592
13,22,346592
22,16,311280
16,22,311280
22,18,474681
18,22,474681
22,19,412757
19,22,412757
22,20,494234
20,22,494234
22,21,508424
21,22,508424
22,23,513359
23,22,513359
22,25,464898
25,22,464898
22,28,466951
28,22,466951
22,32,382707
32,22,382707
22,33,339359
33,22,339359
22,35,459103
35,22,459103
22,37,458681
37,22,458681
22,40,467652
40,22,467652
22,42,478609
42,22,478609
22,43,497348
43,22,497348
22,44,451978
44,22,451978
22,46,469788
46,22,469788
22,49,491382
49,22,491382
22,50,486854
50,22,486854
22,51,409530
51,22,409530
22,53,465372
53,22,465372
22,56,469310
56,22,469310
22,58,469645
58,22,469645
22,59,468557
59,22,468557
22,61,494920
61,22,494920
22,62,393045
62,22,393045
22,67,491887
67,22,491887
22,68,453220
68,22,453220
22,70,462864
70,22,462864
22,72,463613
72,22,463613
22,75,477040
75,22,477040
22,77,489045
77,22,489045
24,26,18639
26,24,18639
24,27,7113
27,24,7113
24,29,11182
29,24,11182
24,30,11362
30,24,11362
24,31,17220
31,24,17220
24,34,9751
34,24,9751
24,36,17789
36,24,17789
24,39,22136
39,24,22136
24,38,201377
38,24,201377
24,41,283859
41,24,283859
24,45,284540
45,24,284540
24,47,217080
47,24,217080
24,48,330677
48,24,330677
24,52,288896
52,24,288896
24,54,195494
54,24,195494
24,55,340917
55,24,340917
24,57,285037
57,24,285037
24,60,241330
60,24,241330
24,63,307159
63,24,307159
24,64,341086
64,24,341086
24,65,248724
65,24,248724
24,66,148393
66,24,148393
24,69,295661
69,24,295661
24,71,227690
71,24,227690
24,73,343124
73,24,343124
24,74,317348
74,24,317348
24,76,197909
76,24,197909
24,78,316751
78,24,316751
24,79,328966
79,24,328966
24,2,340148
2,24,340148
24,4,392545
4,24,392545
24,5,390489
5,24,390489
24,6,376443
6,24,376443
24,7,324474
7,24,324474
24,8,354593
8,24,354593
24,11,410670
11,24,410670
24,12,343013
12,24,343013
24,13,304595
13,24,304595
24,16,270686
16,24,270686
24,18,431843
18,24,431843
24,19,365731
19,24,365731
24,20,435140
20,24,435140
24,21,459458
21,24,459458
24,23,464842
23,24,464842
24,25,399992
25,24,399992
24,28,410897
28,24,410897
24,32,344006
32,24,344006
24,33,304913
33,24,304913
24,35,511575
35,24,511575
24,37,494372
37,24,494372
24,40,482946
40,24,482946
24,42,530306
42,24,530306
24,43,548462
43,24,548462
24,44,459274
44,24,459274
24,46,528381
46,24,528381
24,49,496764
49,24,496764
24,50,509700
50,24,509700
24,51,438193
51,24,438193
24,53,468087
53,24,468087
24,56,489880
56,24,489880
24,58,447808
58,24,447808
24,59,495297
59,24,495297
24,61,460977
61,24,460977
24,62,442558
62,24,442558
24,67,453521
67,24,453521
24,68,473358
68,24,473358
24,70,515565
70,24,515565
24,72,515929
72,24,515929
24,75,473613
75,24,473613
24,77,481856
77,24,481856
26,27,21743
27,26,21743
26,29,12771
29,26,12771
26,30,24143
30,26,24143
26,31,10744
31,26,10744
26,34,22225
34,26,22225
26,36,11204
36,26,11204
26,39,11571
39,26,11571
26,38,198763
38,26,198763
26,41,278273
41,26,278273
26,45,285265
45,26,285265
26,47,219344
47,26,219344
26,48,325056
48,26,325056
26,52,296462
52,26,296462
26,54,187325
54,26,187325
26,55,341385
55,26,341385
26,57,284839
57,26,284839
26,60,232297
60,26,232297
26,63,302252
63,26,302252
26,64,340789
64,26,340789
26,65,248496
65,26,248496
26,66,152772
66,26,152772
26,69,288063
69,26,288063
26,71,232906
71,26,232906
26,73,346523
73,26,346523
26,74,318876
74,26,318876
26,76,192700
76,26,192700
26,78,320602
78,26,320602
26,79,332555
79,26,332555
26,2,335756
2,26,335756
26,4,388713
4,26,388713
26,5,380894
5,26,380894
26,6,377201
6,26,377201
26,7,321567
7,26,321567
26,8,347630
8,26,347630
26,11,416304
11,26,416304
26,12,339169
12,26,339169
26,13,296432
13,26,296432
26,16,265508
16,26,265508
26,18,424565
18,26,424565
26,19,365220
19,26,365220
26,20,438514
20,26,438514
26,21,454205
21,26,454205
26,23,461809
23,26,461809
26,25,411899
25,26,411899
26,28,410324
28,26,410324
26,32,346133
32,26,346133
26,33,297997
33,26,297997
26,35,491652
35,26,491652
26,37,475540
37,26,475540
26,40,469228
40,26,469228
26,42,510139
42,26,510139
26,43,539525
43,26,539525
26,44,442537
44,26,442537
26,46,496268
46,26,496268
26,49,464371
49,26,464371
26,50,506776
50,26,506776
26,51,448374
51,26,448374
26,53,449982
53,26,449982
26,56,469857
56,26,469857
26,58,440292
58,26,440292
26,59,473465
59,26,473465
26,61,451251
61,26,451251
26,62,421899
62,26,421899
26,67,447138
67,26,447138
26,68,458246
68,26,458246
26,70,497374
70,26,497374
26,72,490927
72,26,490927
26,75,441026
75,26,441026
26,77,449981
77,26,449981
27,29,7788
29,27,7788
27,30,6179
30,27,6179
27,31,20505
31,27,20505
27,34,5084
34,27,5084
27,36,20826
36,27,20826
27,39,21782
39,27,21782
27,38,199930
38,27,199930
27,41,283116
41,27,283116
27,45,287967
45,27,287967
27,47,216124
47,27,216124
27,48,325614
48,27,325614
27,52,302302
52,27,302302
27,54,190572
54,27,190572
27,55,343011
55,27,343011
27,57,289050
57,27,289050
27,60,244760
60,27,244760
27,63,307017
63,27,307017
27,64,340530
64,27,340530
27,65,261566
65,27,261566
27,66,146747
66,27,146747
27,69,289284
69,27,289284
27,71,241177
71,27,241177
27,73,345261
73,27,345261
27,74,320367
74,27,320367
27,76,194149
76,27,194149
27,78,318716
78,27,318716
27,79,330149
79,27,330149
27,2,341418
2,27,341418
27,4,394102
4,27,394102
27,5,382236
5,27,382236
27,6,377204
6,27,377204
27,7,325696
7,27,325696
27,8,354841
8,27,354841
27,11,419262
11,27,419262
27,12,343393
12,27,343393
27,13,305457
13,27,305457
27,16,284291
16,27,284291
27,18,434456
18,27,434456
27,19,367762
19,27,367762
27,20,460417
20,27,460417
27,21,461767
21,27,461767
27,23,466875
23,27,466875
27,25,419286
25,27,419286
27,28,412976
28,27,412976
27,32,346688
32,27,346688
27,33,301759
33,27,301759
27,35,517744
35,27,517744
27,37,501254
37,27,501254
27,40,493482
40,27,493482
27,42,537957
42,27,537957
27,43,567137
43,27,567137
27,44,461788
44,27,461788
27,46,530468
46,27,530468
27,49,499420
49,27,499420
27,50,532311
50,27,532311
27,51,468882
51,27,468882
27,53,474512
53,27,474512
27,56,488923
56,27,488923
27,58,449835
58,27,449835
27,59,496262
59,27,496262
27,61,465963
61,27,465963
27,62,448349
62,27,448349
27,67,455813
67,27,455813
27,68,475396
68,27,475396
27,70,521256
70,27,521256
27,72,525181
72,27,525181
27,75,477568
75,27,477568
27,77,479462
77,27,479462
29,30,10858
30,29,10858
29,31,13968
31,29,13968
29,34,8678
34,29,8678
29,36,11786
36,29,11786
29,39,15668
39,29,15668
29,38,205056
38,29,205056
29,41,284890
41,29,284890
29,45,290315
45,29,290315
29,47,218044
47,29,218044
29,48,330131
48,29,330131
29,52,301868
52,29,301868
29,54,189750
54,29,189750
29,55,344179
55,29,344179
29,57,289885
57,29,289885
29,60,239968
60,29,239968
29,63,307984
63,29,307984
29,64,347995
64,29,347995
29,65,254168
65,29,254168
29,66,151069
66,29,151069
29,69,291078
69,29,291078
29,71,239914
71,29,239914
29,73,345739
73,29,345739
29,74,322496
74,29,322496
29,76,195206
76,29,195206
29,78,322113
78,29,322113
29,79,335856
79,29,335856
29,2,341710
2,29,341710
29,4,394997
4,29,394997
29,5,386331
5,29,386331
29,6,381112
6,29,381112
29,7,326900
7,29,326900
29,8,355848
8,29,355848
29,11,423630
11,29,423630
29,12,343510
12,29,343510
29,13,313049
13,29,313049
29,16,270849
16,29,270849
29,18,429098
18,29,429098
29,19,370112
19,29,370112
29,20,444265
20,29,444265
29,21,459946
21,29,459946
29,23,466128
23,29,466128
29,25,423267
25,29,423267
29,28,417324
28,29,417324
29,32,351175
32,29,351175
29,33,302296
33,29,302296
29,35,509464
35,29,509464
29,37,497077
37,29,497077
29,40,482213
40,29,482213
29,42,529792
42,29,529792
29,43,558626
43,29,558626
29,44,457265
44,29,457265
29,46,518024
46,29,518024
29,49,493188
49,29,493188
29,50,525769
50,29,525769
29,51,466058
51,29,466058
29,53,467680
53,29,467680
29,56,481839
56,29,481839
29,58,447201
58,29,447201
29,59,495968
59,29,495968
29,61,462182
61,29,462182
29,62,440259
62,29,440259
29,67,451569
67,29,451569
29,68,471640
68,29,471640
29,70,513341
70,29,513341
29,72,513001
72,29,513001
29,75,463365
75,29,463365
29,77,455244
77,29,455244
30,31,23227
31,30,23227
30,34,3675
34,30,3675
30,36,24640
36,30,24640
30,39,21054
39,30,21054
30,38,199185
38,30,199185
30,41,279618
41,30,279618
30,45,282804
45,30,282804
30,47,214523
47,30,214523
30,48,322149
48,30,322149
30,52,299641
52,30,299641
30,54,189774
54,30,189774
30,55,340729
55,30,340729
30,57,286443
57,30,286443
30,60,244068
60,30,244068
30,63,306029
63,30,306029
30,64,342320
64,30,342320
30,65,259718
65,30,259718
30,66,147822
66,30,147822
30,69,287461
69,30,287461
30,71,238264
71,30,238264
30,73,342325
73,30,342325
30,74,317422
74,30,317422
30,76,193567
76,30,193567
30,78,315760
78,30,315760
30,79,343227
79,30,343227
30,2,338454
2,30,338454
30,4,391244
4,30,391244
30,5,380224
5,30,380224
30,6,374184
6,30,374184
30,7,322787
7,30,322787
30,8,352308
8,30,352308
30,11,416654
11,30,416654
30,12,339839
12,30,339839
30,13,302099
13,30,302099
30,16,280282
16,30,280282
30,18,425039
18,30,425039
30,19,365627
19,30,365627
30,20,458474
20,30,458474
30,21,459261
21,30,459261
30,23,464300
23,30,464300
30,25,399057
25,30,399057
30,28,410422
28,30,410422
30,32,343811
32,30,343811
30,33,298417
33,30,298417
30,35,522516
35,30,522516
30,37,492308
37,30,492308
30,40,495426
40,30,495426
30,42,538345
42,30,538345
30,43,559784
43,30,559784
30,44,460640
44,30,460640
30,46,533349
46,30,533349
30,49,501370
49,30,501370
30,50,525483
50,30,525483
30,51,471039
51,30,471039
30,53,476212
53,30,476212
30,56,492035
56,30,492035
30,58,451466
58,30,451466
30,59,492847
59,30,492847
30,61,465042
61,30,465042
30,62,450202
62,30,450202
30,67,474429
67,30,474429
30,68,475098
68,30,475098
30,70,526319
70,30,526319
30,72,518559
72,30,518559
30,75,479431
75,30,479431
30,77,481807
77,30,481807
31,34,21183
34,31,21183
31,36,12832
36,31,12832
31,39,17589
39,31,17589
31,38,213574
38,31,213574
31,41,307522
41,31,307522
31,45,309670
45,31,309670
31,47,227724
47,31,227724
31,48,356105
48,31,356105
31,52,324236
52,31,324236
31,54,198729
54,31,198729
31,55,365207
55,31,365207
31,57,309663
57,31,309663
31,60,268150
60,31,268150
31,63,329568
63,31,329568
31,64,369776
64,31,369776
31,65,285011
65,31,285011
31,66,167903
66,31,167903
31,69,312029
69,31,312029
31,71,262608
71,31,262608
31,73,369771
73,31,369771
31,74,343115
74,31,343115
31,76,201339
76,31,201339
31,78,344697
78,31,344697
31,79,356694
79,31,356694
31,2,359381
2,31,359381
31,4,417681
4,31,417681
31,5,408984
5,31,408984
31,6,398290
6,31,398290
31,7,345730
7,31,345730
31,8,373161
8,31,373161
31,11,441835
11,31,441835
31,12,361890
12,31,361890
31,13,330869
13,31,330869
31,16,299692
16,31,299692
31,18,462000
18,31,462000
31,19,389379
19,31,389379
31,20,483092
20,31,483092
31,21,484239
21,31,484239
31,23,490598
23,31,490598
31,25,425819
25,31,425819
31,28,438559
28,31,438559
31,32,371318
32,31,371318
31,33,319847
33,31,319847
31,35,506734
35,31,506734
31,37,491592
37,31,491592
31,40,486212
40,31,486212
31,42,523078
42,31,523078
31,43,555563
43,31,555563
31,44,476879
44,31,476879
31,46,510709
46,31,510709
31,49,494544
49,31,494544
31,50,524378
50,31,524378
31,51,459639
51,31,459639
31,53,455340
53,31,455340
31,56,480180
56,31,480180
31,58,469361
58,31,469361
31,59,488738
59,31,488738
31,61,490221
61,31,490221
31,62,433292
62,31,433292
31,67,476370
67,31,476370
31,68,469429
68,31,469429
31,70,512269
70,31,512269
31,72,507873
72,31,507873
31,75,471676
75,31,471676
31,77,478076
77,31,478076
34,36,22009
36,34,22009
34,39,20277
39,34,20277
34,38,199091
38,34,199091
34,41,282108
41,34,282108
34,45,284409
45,34,284409
34,47,215313
47,34,215313
34,48,323871
48,34,323871
34,52,298503
52,34,298503
34,54,188971
54,34,188971
34,55,341903
55,34,341903
34,57,288119
57,34,288119
34,60,245335
60,34,245335
34,63,304973
63,34,304973
34,64,343881
64,34,343881
34,65,260204
65,34,260204
34,66,147215
66,34,147215
34,69,287935
69,34,287935
34,71,239127
71,34,239127
34,73,343627
73,34,343627
34,74,318920
74,34,318920
34,76,192980
76,34,192980
34,78,317512
78,34,317512
34,79,344866
79,34,344866
34,2,338799
2,34,338799
34,4,392319
4,34,392319
34,5,381043
5,34,381043
34,6,374869
6,34,374869
34,7,323499
7,34,323499
34,8,352807
8,34,352807
34,11,417506
11,34,417506
34,12,340595
12,34,340595
34,13,302815
13,34,302815
34,16,281062
16,34,281062
34,18,426183
18,34,426183
34,19,366441
19,34,366441
34,20,459311
20,34,459311
34,21,460231
21,34,460231
34,23,465210
23,34,465210
34,25,417165
25,34,417165
34,28,411364
28,34,411364
34,32,344925
32,34,344925
34,33,299105
33,34,299105
34,35,520400
35,34,520400
34,37,496242
37,34,496242
34,40,494380
40,34,494380
34,42,537277
42,34,537277
34,43,568452
43,34,568452
34,44,461718
44,34,461718
34,46,531030
46,34,531030
34,49,500122
49,34,500122
34,50,527203
50,34,527203
34,51,469168
51,34,469168
34,53,475727
53,34,475727
34,56,489925
56,34,489925
34,58,451261
58,34,451261
34,59,494608
59,34,494608
34,61,466652
61,34,466652
34,62,449787
62,34,449787
34,67,474019
67,34,474019
34,68,475433
68,34,475433
34,70,524092
70,34,524092
34,72,520071
72,34,520071
34,75,478293
75,34,478293
34,77,480719
77,34,480719
36,39,11744
39,36,11744
36,38,224809
38,36,224809
36,41,293330
41,36,293330
36,45,295419
45,36,295419
36,47,222034
47,36,222034
36,48,337230
48,36,337230
36,52,306908
52,36,306908
36,54,190230
54,36,190230
36,55,358501
55,36,358501
36,57,298027
57,36,298027
36,60,248111
60,36,248111
36,63,314241
63,36,314241
36,64,351552
64,36,351552
36,65,258340
65,36,258340
36,66,156600
66,36,156600
36,69,299855
69,36,299855
36,71,246648
71,36,246648
36,73,358858
73,36,358858
36,74,336488
74,36,336488
36,76,195993
76,36,195993
36,78,333837
78,36,333837
36,79,350158
79,36,350158
36,2,345634
2,36,345634
36,4,396845
4,36,396845
36,5,392069
5,36,392069
36,6,383881
6,36,383881
36,7,331061
7,36,331061
36,8,355754
8,36,355754
36,11,423054
11,36,423054
36,12,350242
12,36,350242
36,13,308785
13,36,308785
36,16,276037
16,36,276037
36,18,433876
18,36,433876
36,19,375129
19,36,375129
36,20,448816
20,36,448816
36,21,463127
21,36,463127
36,23,470354
23,36,470354
36,25,419992
25,36,419992
36,28,420732
28,36,420732
36,32,354338
32,36,354338
36,33,306948
33,36,306948
36,35,490065
35,36,490065
36,37,477904
37,36,477904
36,40,471375
40,36,471375
36,42,510081
42,36,510081
36,43,540048
43,36,540048
36,44,446733
44,36,446733
36,46,498223
46,36,498223
36,49,464027
49,36,464027
36,50,506537
50,36,506537
36,51,455600
51,36,455600
36,53,450816
53,36,450816
36,56,472472
56,36,472472
36,58,441766
58,36,441766
36,59,477627
59,36,477627
36,61,455066
61,36,455066
36,62,421154
62,36,421154
36,67,451963
67,36,451963
36,68,461164
68,36,461164
36,70,494378
70,36,494378
36,72,493543
72,36,493543
36,75,442213
75,36,442213
36,77,454579
77,36,454579
39,38,226527
38,39,226527
39,41,291269
41,39,291269
39,45,306064
45,39,306064
39,47,225844
47,39,225844
39,48,337330
48,39,337330
39,52,301786
52,39,301786
39,54,194898
54,39,194898
39,55,354190
55,39,354190
39,57,298247
57,39,298247
39,60,245269
60,39,245269
39,63,314005
63,39,314005
39,64,354491
64,39,354491
39,65,263143
65,39,263143
39,66,163884
66,39,163884
39,69,300004
69,39,300004
39,71,245853
71,39,245853
39,73,355257
73,39,355257
39,74,331088
74,39,331088
39,76,199076
76,39,199076
39,78,332562
78,39,332562
39,79,346597
79,39,346597
39,2,349430
2,39,349430
39,4,402245
4,39,402245
39,5,394776
5,39,394776
39,6,391945
6,39,391945
39,7,334922
7,39,334922
39,8,362347
8,39,362347
39,11,430353
11,39,430353
39,12,349995
12,39,349995
39,13,315983
13,39,315983
39,16,278593
16,39,278593
39,18,437869
18,39,437869
39,19,379882
19,39,379882
39,20,452364
20,39,452364
39,21,467988
21,39,467988
39,23,475199
23,39,475199
39,25,410407
25,39,410407
39,28,425150
28,39,425150
39,32,351753
32,39,351753
39,33,311824
33,39,311824
39,35,498320
35,39,498320
39,37,482931
37,39,482931
39,40,483686
40,39,483686
39,42,514601
42,39,514601
39,43,544652
43,39,544652
39,44,451249
44,39,451249
39,46,497703
46,39,497703
39,49,475914
49,39,475914
39,50,512388
50,39,512388
39,51,471560
51,39,471560
39,53,458103
53,39,458103
39,56,487865
56,39,487865
39,58,453379
58,39,453379
39,59,483956
59,39,483956
39,61,463714
61,39,463714
39,62,426951
62,39,426951
39,67,458197
67,39,458197
39,68,466494
68,39,466494
39,70,505082
70,39,505082
39,72,492321
72,39,492321
39,75,457359
75,39,457359
39,77,460578
77,39,460578
38,41,69751
41,38,69751
38,45,87511
45,38,87511
38,47,36416
47,38,36416
38,48,104912
48,38,104912
38,52,94053
52,38,94053
38,54,21672
54,38,21672
38,55,115396
55,38,115396
38,57,91726
57,38,91726
38,60,47335
60,38,47335
38,63,78056
63,38,78056
38,64,118363
64,38,118363
38,65,76581
65,38,76581
38,66,52903
66,38,52903
38,69,87079
69,38,87079
38,71,63401
71,38,63401
38,73,115660
73,38,115660
38,74,111074
74,38,111074
38,76,23662
76,38,23662
38,78,109796
78,38,109796
38,79,117208
79,38,117208
38,2,99961
2,38,99961
38,4,130158
4,38,130158
38,5,178347
5,38,178347
38,6,114443
6,38,114443
38,7,125929
7,38,125929
38,8,82178
8,38,82178
38,11,142863
11,38,142863
38,12,99642
12,38,99642
38,13,140017
13,38,140017
38,16,60450
16,38,60450
38,18,199295
18,38,199295
38,19,149159
19,38,149159
38,20,193494
20,38,193494
38,21,182856
21,38,182856
38,23,190550
23,38,190550
38,25,133798
25,38,133798
38,28,179828
28,38,179828
38,32,133406
32,38,133406
38,33,66162
33,38,66162
38,35,375310
35,38,375310
38,37,332901
37,38,332901
38,40,394443
40,38,394443
38,42,423194
42,38,423194
38,43,427405
43,38,427405
38,44,394885
44,38,394885
38,46,356204
46,38,356204
38,49,409888
49,38,409888
38,50,382379
50,38,382379
38,51,340301
51,38,340301
38,53,411222
53,38,411222
38,56,388282
56,38,388282
38,58,359635
58,38,359635
38,59,375857
59,38,375857
38,61,401180
61,38,401180
38,62,352875
62,38,352875
38,67,385456
67,38,385456
38,68,380178
68,38,380178
38,70,333406
70,38,333406
38,72,346584
72,38,346584
38,75,386967
75,38,386967
38,77,390366
77,38,390366
41,45,15477
45,41,15477
41,47,64017
47,41,64017
41,48,30764
48,41,30764
41,52,31385
52,41,31385
41,54,71014
54,41,71014
41,55,40341
55,41,40341
41,57,11080
57,41,11080
41,60,15808
60,41,15808
41,63,18016
63,41,18016
41,64,39497
64,41,39497
41,65,24324
65,41,24324
41,66,55221
66,41,55221
41,69,8593
69,41,8593
41,71,27048
71,41,27048
41,73,41841
73,41,41841
41,74,35698
74,41,35698
41,76,68642
76,41,68642
41,78,26350
78,41,26350
41,79,41782
79,41,41782
41,2,82214
2,41,82214
41,4,72181
4,41,72181
41,5,79211
5,41,79211
41,6,77855
6,41,77855
41,7,82527
7,41,82527
41,8,94008
8,41,94008
41,11,64861
11,41,64861
41,12,76854
12,41,76854
41,13,106458
13,41,106458
41,16,101161
16,41,101161
41,18,97853
18,41,97853
41,19,65570
19,41,65570
41,20,104151
20,41,104151
41,21,111477
21,41,111477
41,23,115195
23,41,115195
41,25,75139
25,41,75139
41,28,82225
28,41,82225
41,32,75444
32,41,75444
41,33,74050
33,41,74050
41,35,441279
35,41,441279
41,37,384540
37,41,384540
41,40,471721
40,41,471721
41,42,467020
42,41,467020
41,43,465684
43,41,465684
41,44,452269
44,41,452269
41,46,426808
46,41,426808
41,49,480060
49,41,480060
41,50,447793
50,41,447793
41,51,401932
51,41,401932
41,53,452472
53,41,452472
41,56,441770
56,41,441770
41,58,434424
58,41,434424
41,59,409928
59,41,409928
41,61,452474
61,41,452474
41,62,445467
62,41,445467
41,67,458373
67,41,458373
41,68,423001
68,41,423001
41,70,422832
70,41,422832
41,72,420752
72,41,420752
41,75,438642
75,41,438642
41,77,452212
77,41,452212
45,47,81519
47,45,81519
45,48,16270
48,45,16270
45,52,19857
52,45,19857
45,54,91973
54,45,91973
45,55,34156
55,45,34156
45,57,13401
57,45,13401
45,60,20540
60,45,20540
45,63,19246
63,45,19246
45,64,30112
64,45,30112
45,65,22494
65,45,22494
45,66,70007
66,45,70007
45,69,15522
69,45,15522
45,71,27473
71,45,27473
45,73,33495
73,45,33495
45,74,19992
74,45,19992
45,76,91463
76,45,91463
45,78,21410
78,45,21410
45,79,27395
79,45,27395
45,2,89234
2,45,89234
45,4,68659
4,45,68659
45,5,80744
5,45,80744
45,6,75717
6,45,75717
45,7,89152
7,45,89152
45,8,80923
8,45,80923
45,11,71837
11,45,71837
45,12,83992
12,45,83992
45,13,112615
13,45,112615
45,16,101290
16,45,101290
45,18,102239
18,45,102239
45,19,72259
19,45,72259
45,20,104550
20,45,104550
45,21,109406
21,45,109406
45,23,114426
23,45,114426
45,25,75000
25,45,75000
45,28,84394
28,45,84394
45,32,71018
32,45,71018
45,33,87535
33,45,87535
45,35,445971
35,45,445971
45,37,380689
37,45,380689
45,40,455009
40,45,455009
45,42,467148
42,45,467148
45,43,466081
43,45,466081
45,44,450449
44,45,450449
45,46,425586
46,45,425586
45,49,460915
49,45,460915
45,50,447571
50,45,447571
45,51,404651
51,45,404651
45,53,451697
53,45,451697
45,56,438026
56,45,438026
45,58,431271
58,45,431271
45,59,409336
59,45,409336
45,61,450578
61,45,450578
45,62,442713
62,45,442713
45,67,439671
67,45,439671
45,68,421608
68,45,421608
45,70,418502
70,45,418502
45,72,418990
72,45,418990
45,75,436668
75,45,436668
45,77,438563
77,45,438563
47,48,102691
48,47,102691
47,52,114379
52,47,114379
47,54,31882
54,47,31882
47,55,113845
55,47,113845
47,57,85094
57,47,85094
47,60,59706
60,47,59706
47,63,81519
63,47,81519
47,64,122037
64,47,122037
47,65,86399
65,47,86399
47,66,23626
66,47,23626
47,69,74183
69,47,74183
47,71,78200
71,47,78200
47,73,113724
73,47,113724
47,74,114885
74,47,114885
47,76,15582
76,47,15582
47,78,106702
78,47,106702
47,79,118391
79,47,118391
47,2,119252
2,47,119252
47,4,128077
4,47,128077
47,5,158489
5,47,158489
47,6,140505
6,47,140505
47,7,140860
7,47,140860
47,8,125789
8,47,125789
47,11,141773
11,47,141773
47,12,111697
12,47,111697
47,13,157576
13,47,157576
47,16,111165
16,47,111165
47,18,177651
18,47,177651
47,19,122842
19,47,122842
47,20,177123
20,47,177123
47,21,188462
21,47,188462
47,23,196110
23,47,196110
47,25,148622
25,47,148622
47,28,169220
28,47,169220
47,32,114715
32,47,114715
47,33,110282
33,47,110282
47,35,333686
35,47,333686
47,37,331465
37,47,331465
47,40,361669
40,47,361669
47,42,393681
42,47,393681
47,43,373889
43,47,373889
47,44,328328
44,47,328328
47,46,356999
46,47,356999
47,49,365064
49,47,365064
47,50,351565
50,47,351565
47,51,296649
51,47,296649
47,53,329104
53,47,329104
47,56,355255
56,47,355255
47,58,318401
58,47,318401
47,59,353489
59,47,353489
47,61,365737
61,47,365737
47,62,297634
62,47,297634
47,67,334043
67,47,334043
47,68,336914
68,47,336914
47,70,309438
70,47,309438
47,72,317300
72,47,317300
47,75,349130
75,47,349130
47,77,353318
77,47,353318
48,52,11707
52,48,11707
48,54,116262
54,48,116262
48,55,19866
55,48,19866
48,57,17201
57,48,17201
48,60,41525
60,48,41525
48,63,16679
63,48,16679
48,64,16957
64,48,16957
48,65,24066
65,48,24066
48,66,88761
66,48,88761
48,69,22012
69,48,22012
48,71,39619
71,48,39619
48,73,21775
73,48,21775
48,74,11113
74,48,11113
48,76,115085
76,48,115085
48,78,16638
78,48,16638
48,79,17034
79,48,17034
48,2,96744
2,48,96744
48,4,70937
4,48,70937
48,5,71037
5,48,71037
48,6,76189
6,48,76189
48,7,80867
7,48,80867
48,8,91672
8,48,91672
48,11,62060
11,48,62060
48,12,82675
12,48,82675
48,13,109581
13,48,109581
48,16,117060
16,48,117060
48,18,92367
18,48,92367
48,19,66852
19,48,66852
48,20,97779
20,48,97779
48,21,97864
21,48,97864
48,23,104141
23,48,104141
48,25,72407
25,48,72407
48,28,73337
28,48,73337
48,32,76609
32,48,76609
48,33,93345
33,48,93345
48,35,468800
35,48,468800
48,37,421614
37,48,421614
48,40,495177
40,48,495177
48,42,525483
42,48,525483
48,43,485052
43,48,485052
48,44,488197
44,48,488197
48,46,443790
46,48,443790
48,49,499155
49,48,499155
48,50,471179
50,48,471179
48,51,446145
51,48,446145
48,53,490649
53,48,490649
48,56,494335
56,48,494335
48,58,484096
58,48,484096
48,59,434810
59,48,434810
48,61,489661
61,48,489661
48,62,474695
62,48,474695
48,67,483607
67,48,483607
48,68,480727
68,48,480727
48,70,436995
70,48,436995
48,72,437253
72,48,437253
48,75,476301
75,48,476301
48,77,479480
77,48,479480
52,54,103614
54,52,103614
52,55,15686
55,52,15686
52,57,17493
57,52,17493
52,60,40428
60,52,40428
52,63,22025
63,52,22025
52,64,17536
64,52,17536
52,65,14671
65,52,14671
52,66,88339
66,52,88339
52,69,22180
69,52,22180
52,71,30381
71,52,30381
52,73,16773
73,52,16773
52,74,12938
74,52,12938
52,76,104192
76,52,104192
52,78,17457
78,52,17457
52,79,13001
79,52,13001
52,2,92919
2,52,92919
52,4,56039
4,52,56039
52,5,66436
5,52,66436
52,6,59838
6,52,59838
52,7,82915
7,52,82915
52,8,73979
8,52,73979
52,11,61453
11,52,61453
52,12,85585
12,52,85585
52,13,109267
13,52,109267
52,16,108579
16,52,108579
52,18,86295
18,52,86295
52,19,63387
19,52,63387
52,20,89472
20,52,89472
52,21,97321
21,52,97321
52,23,103620
23,52,103620
52,25,61659
25,52,61659
52,28,68483
28,52,68483
52,32,66455
32,52,66455
52,33,75915
33,52,75915
52,35,460643
35,52,460643
52,37,392299
37,52,392299
52,40,486723
40,52,486723
52,42,517055
42,52,517055
52,43,476029
43,52,476029
52,44,479743
44,52,479743
52,46,436342
46,52,436342
52,49,491035
49,52,491035
52,50,462916
50,52,462916
52,51,436495
51,52,436495
52,53,481917
53,52,481917
52,56,485881
56,52,485881
52,58,475865
58,52,475865
52,59,426038
59,52,426038
52,61,481430
61,52,481430
52,62,465512
62,52,465512
52,67,475411
67,52,475411
52,68,471827
68,52,471827
52,70,427008
70,52,427008
52,72,431596
72,52,431596
52,75,467847
75,52,467847
52,77,470906
77,52,470906
54,55,127593
55,54,127593
54,57,100138
57,54,100138
54,60,46168
60,54,46168
54,63,84205
63,54,84205
54,64,127710
64,54,127710
54,65,82265
65,54,82265
54,66,46259
66,54,46259
54,69,79956
69,54,79956
54,71,75982
71,54,75982
54,73,127594
73,54,127594
54,74,126253
74,54,126253
54,76,19576
76,54,19576
54,78,114499
78,54,114499
54,79,123508
79,54,123508
54,2,136655
2,54,136655
54,4,160794
4,54,160794
54,5,191366
5,54,191366
54,6,140692
6,54,140692
54,7,153507
7,54,153507
54,8,123802
8,54,123802
54,11,161860
11,54,161860
54,12,140341
12,54,140341
54,13,178440
13,54,178440
54,16,122976
16,54,122976
54,18,197984
18,54,197984
54,19,140674
19,54,140674
54,20,187155
20,54,187155
54,21,195448
21,54,195448
54,23,212195
23,54,212195
54,25,148757
25,54,148757
54,28,194467
28,54,194467
54,32,136736
32,54,136736
54,33,109968
33,54,109968
54,35,337394
35,54,337394
54,37,339121
37,54,339121
54,40,358161
40,54,358161
54,42,389369
42,54,389369
54,43,371352
43,54,371352
54,44,344050
44,54,344050
54,46,348501
46,54,348501
54,49,371164
49,54,371164
54,50,345702
50,54,345702
54,51,293993
51,54,293993
54,53,324130
53,54,324130
54,56,352450
56,54,352450
54,58,317945
58,54,317945
54,59,347001
59,54,347001
54,61,362533
61,54,362533
54,62,296679
62,54,296679
54,67,328935
67,54,328935
54,68,335050
68,54,335050
54,70,322587
70,54,322587
54,72,312336
72,54,312336
54,75,346270
75,54,346270
54,77,351865
77,54,351865
55,57,26582
57,55,26582
55,60,53756
60,55,53756
55,63,33198
63,55,33198
55,64,3162
64,55,3162
55,65,29581
65,55,29581
55,66,104865
66,55,104865
55,69,31455
69,55,31455
55,71,44739
71,55,44739
55,73,2396
73,55,2396
55,74,13111
74,55,13111
55,76,126282
76,55,126282
55,78,11766
78,55,11766
55,79,7636
79,55,7636
55,2,77763
2,55,77763
55,4,49287
4,55,49287
55,5,63397
5,55,63397
55,6,62306
6,55,62306
55,7,69627
7,55,69627
55,8,67616
8,55,67616
55,11,50797
11,55,50797
55,12,71235
12,55,71235
55,13,92916
13,55,92916
55,16,111064
16,55,111064
55,18,86141
18,55,86141
55,19,50648
19,55,50648
55,20,95083
20,55,95083
55,21,96241
21,55,96241
55,23,100018
23,55,100018
55,25,60962
25,55,60962
55,28,68020
28,55,68020
55,32,59582
32,55,59582
55,33,77498
33,55,77498
55,35,496761
35,55,496761
55,37,440071
37,55,440071
55,40,499057
40,55,499057
55,42,557572
42,55,557572
55,43,505721
43,55,505721
55,44,491367
44,55,491367
55,46,471799
46,55,471799
55,49,498786
49,55,498786
55,50,490181
50,55,490181
55,51,494162
51,55,494162
55,53,508039
53,55,508039
55,56,499125
56,55,499125
55,58,484517
58,55,484517
55,59,462983
59,55,462983
55,61,489927
61,55,489927
55,62,497988
62,55,497988
55,67,483078
67,55,483078
55,68,488189
68,55,488189
55,70,472866
70,55,472866
55,72,466201
72,55,466201
55,75,478239
75,55,478239
55,77,479213
77,55,479213
57,60,28284
60,57,28284
57,63,19093
63,57,19093
57,64,25616
64,57,25616
57,65,18817
65,57,18817
57,66,73409
66,57,73409
57,69,13990
69,57,13990
57,71,32100
71,57,32100
57,73,28645
73,57,28645
57,74,23072
74,57,23072
57,76,91662
76,57,91662
57,78,17212
78,57,17212
57,79,24959
79,57,24959
57,2,80830
2,57,80830
57,4,78288
4,57,78288
57,5,79568
5,57,79568
57,6,78933
6,57,78933
57,7,91820
7,57,91820
57,8,90721
8,57,90721
57,11,67680
11,57,67680
57,12,76814
12,57,76814
57,13,113459
13,57,113459
57,16,103616
16,57,103616
57,18,107665
18,57,107665
57,19,71626
19,57,71626
57,20,118341
20,57,118341
57,21,118075
21,57,118075
57,23,120836
23,57,120836
57,25,76596
25,57,76596
57,28,90279
28,57,90279
57,32,72627
32,57,72627
57,33,75050
33,57,75050
57,35,452846
35,57,452846
57,37,395258
37,57,395258
57,40,475679
40,57,475679
57,42,478696
42,57,478696
57,43,481370
43,57,481370
57,44,460932
44,57,460932
57,46,440168
46,57,440168
57,49,483727
49,57,483727
57,50,461137
50,57,461137
57,51,413889
51,57,413889
57,53,460499
53,57,460499
57,56,470510
56,57,470510
57,58,444076
58,57,444076
57,59,418313
59,57,418313
57,61,460981
61,57,460981
57,62,452835
62,57,452835
57,67,463301
67,57,463301
57,68,455193
68,57,455193
57,70,432990
70,57,432990
57,72,434036
72,57,434036
57,75,446825
75,57,446825
57,77,457455
77,57,457455
60,63,30798
63,60,30798
60,64,53466
64,60,53466
60,65,36158
65,60,36158
60,66,56100
66,60,56100
60,69,24267
69,60,24267
60,71,23742
71,60,23742
60,73,55438
73,60,55438
60,74,45537
74,60,45537
60,76,66296
76,60,66296
60,78,42802
78,60,42802
60,79,54256
79,60,54256
60,2,100078
2,60,100078
60,4,83716
4,60,83716
60,5,92625
5,60,92625
60,6,79578
6,60,79578
60,7,96868
7,60,96868
60,8,90592
8,60,90592
60,11,84706
11,60,84706
60,12,94723
12,60,94723
60,13,118007
13,60,118007
60,16,96433
16,60,96433
60,18,102556
18,60,102556
60,19,88110
19,60,88110
60,20,104995
20,60,104995
60,21,114379
21,60,114379
60,23,119031
23,60,119031
60,25,78155
25,60,78155
60,28,91135
28,60,91135
60,32,85801
32,60,85801
60,33,67105
33,60,67105
60,35,417612
35,60,417612
60,37,369124
37,60,369124
60,40,419593
40,60,419593
60,42,444787
42,60,444787
60,43,445708
43,60,445708
60,44,394753
44,60,394753
60,46,401725
46,60,401725
60,49,438098
49,60,438098
60,50,423033
50,60,423033
60,51,379941
51,60,379941
60,53,433772
53,60,433772
60,56,413592
56,60,413592
60,58,385778
58,60,385778
60,59,389758
59,60,389758
60,61,427486
61,60,427486
60,62,419980
62,60,419980
60,67,399139
67,60,399139
60,68,399538
68,60,399538
60,70,404832
70,60,404832
60,72,395035
72,60,395035
60,75,414589
75,60,414589
60,77,400416
77,60,400416
63,64,33482
64,63,33482
63,65,18711
65,63,18711
63,66,71645
66,63,71645
63,69,15345
69,63,15345
63,71,32485
71,63,32485
63,73,34322
73,63,34322
63,74,30319
74,63,30319
63,76,91922
76,63,91922
63,78,26994
78,63,26994
63,79,36104
79,63,36104
63,2,96064
2,63,96064
63,4,86377
4,63,86377
63,5,91996
5,63,91996
63,6,80838
6,63,80838
63,7,93978
7,63,93978
63,8,88153
8,63,88153
63,11,79517
11,63,79517
63,12,89264
12,63,89264
63,13,115449
13,63,115449
63,16,111855
16,63,111855
63,18,109666
18,63,109666
63,19,76314
19,63,76314
63,20,123787
20,63,123787
63,21,124956
21,63,124956
63,23,129190
23,63,129190
63,25,77135
25,63,77135
63,28,90780
28,63,90780
63,32,95444
32,63,95444
63,33,81593
33,63,81593
63,35,437390
35,63,437390
63,37,373763
37,63,373763
63,40,464741
40,63,464741
63,42,461573
42,63,461573
63,43,460980
43,63,460980
63,44,447302
44,63,447302
63,46,414943
46,63,414943
63,49,474948
49,63,474948
63,50,443562
50,63,443562
63,51,398287
51,63,398287
63,53,444976
53,63,444976
63,56,459533
56,63,459533
63,58,431060
58,63,431060
63,59,402547
59,63,402547
63,61,447331
61,63,447331
63,62,439856
62,63,439856
63,67,451977
67,63,451977
63,68,441559
68,63,441559
63,70,411311
70,63,411311
63,72,408328
72,63,408328
63,75,433038
75,63,433038
63,77,446061
77,63,446061
64,65,29911
65,64,29911
64,66,104964
66,64,104964
64,69,30810
69,64,30810
64,71,49955
71,64,49955
64,73,4061
73,64,4061
64,74,11069
74,64,11069
64,76,126283
76,64,126283
64,78,9959
78,64,9959
64,79,7754
79,64,7754
64,2,80184
2,64,80184
64,4,52237
4,64,52237
64,5,64961
5,64,64961
64,6,62832
6,64,62832
64,7,71602
7,64,71602
64,8,71446
8,64,71446
64,11,51940
11,64,51940
64,12,71823
12,64,71823
64,13,92020
13,64,92020
64,16,114519
16,64,114519
64,18,86456
18,64,86456
64,19,53134
19,64,53134
64,20,93218
20,64,93218
64,21,97906
21,64,97906
64,23,97814
23,64,97814
64,25,64398
25,64,64398
64,28,67563
28,64,67563
64,32,62430
32,64,62430
64,33,84644
33,64,84644
64,35,493554
35,64,493554
64,37,436685
37,64,436685
64,40,496729
40,64,496729
64,42,544129
42,64,544129
64,43,502741
43,64,502741
64,44,489039
44,64,489039
64,46,467567
46,64,467567
64,49,496458
49,64,496458
64,50,487711
50,64,487711
64,51,490594
51,64,490594
64,53,505111
53,64,505111
64,56,496797
56,64,496797
64,58,482189
58,64,482189
64,59,459415
59,64,459415
64,61,487599
61,64,487599
64,62,493654
62,64,493654
64,67,480750
67,64,480750
64,68,485861
68,64,485861
64,70,470399
70,64,470399
64,72,461758
72,64,461758
64,75,475911
75,64,475911
64,77,476885
77,64,476885
65,66,69531
66,65,69531
65,69,19642
69,65,19642
65,71,22703
71,65,22703
65,73,30625
73,65,30625
65,74,29519
74,65,29519
65,76,81686
76,65,81686
65,78,28520
78,65,28520
65,79,30589
79,65,30589
65,2,77705
2,65,77705
65,4,61085
4,65,61085
65,5,77702
5,65,77702
65,6,60449
6,65,60449
65,7,73830
7,65,73830
65,8,62737
8,65,62737
65,11,71039
11,65,71039
65,12,75702
12,65,75702
65,13,96662
13,65,96662
65,16,91600
16,65,91600
65,18,92131
18,65,92131
65,19,60174
19,65,60174
65,20,97630
20,65,97630
65,21,105410
21,65,105410
65,23,108868
23,65,108868
65,25,77212
25,65,77212
65,28,76240
28,65,76240
65,32,69270
32,65,69270
65,33,59650
33,65,59650
65,35,449292
35,65,449292
65,37,383058
37,65,383058
65,40,475230
40,65,475230
65,42,474635
42,65,474635
65,43,469928
43,65,469928
65,44,458609
44,65,458609
65,46,424321
46,65,424321
65,49,484603
49,65,484603
65,50,455239
50,65,455239
65,51,418165
51,65,418165
65,53,456056
53,65,456056
65,56,470080
56,65,470080
65,58,461003
58,65,461003
65,59,413772
59,65,413772
65,61,458588
61,65,458588
65,62,442875
62,65,442875
65,67,469280
67,65,469280
65,68,451860
68,65,451860
65,70,420306
70,65,420306
65,72,417808
72,65,417808
65,75,444180
75,65,444180
65,77,457197
77,65,457197
66,69,64214
69,66,64214
66,71,51675
71,66,51675
66,73,105223
73,66,105223
66,74,97885
74,66,97885
66,76,28257
76,66,28257
66,78,94354
78,66,94354
66,79,98974
79,66,98974
66,2,90077
2,66,90077
66,4,102368
4,66,102368
66,5,113953
5,66,113953
66,6,98894
6,66,98894
66,7,90339
7,66,90339
66,8,115943
8,66,115943
66,11,108611
11,66,108611
66,12,85732
12,66,85732
66,13,99430
13,66,99430
66,16,81830
16,66,81830
66,18,135433
18,66,135433
66,19,88894
19,66,88894
66,20,147559
20,66,147559
66,21,158768
21,66,158768
66,23,163656
23,66,163656
66,25,123787
25,66,123787
66,28,130679
28,66,130679
66,32,88290
32,66,88290
66,33,86350
33,66,86350
66,35,415942
35,66,415942
66,37,373066
37,66,373066
66,40,413530
40,66,413530
66,42,439267
42,66,439267
66,43,451700
43,66,451700
66,44,415600
44,66,415600
66,46,396324
46,66,396324
66,49,426789
49,66,426789
66,50,425519
50,66,425519
66,51,365418
51,66,365418
66,53,431466
53,66,431466
66,56,404992
56,66,404992
66,58,380724
58,66,380724
66,59,397863
59,66,397863
66,61,418126
61,66,418126
66,62,376722
62,66,376722
66,67,392138
67,66,392138
66,68,395482
68,66,395482
66,70,368278
70,66,368278
66,72,388136
72,66,388136
66,75,404748
75,66,404748
66,77,407714
77,66,407714
69,71,27036
71,69,27036
69,73,33114
73,69,33114
69,74,25448
74,69,25448
69,76,83137
76,69,83137
69,78,25859
78,69,25859
69,79,31862
79,69,31862
69,2,80496
2,69,80496
69,4,68573
4,69,68573
69,5,79387
5,69,79387
69,6,73835
6,69,73835
69,7,73803
7,69,73803
69,8,85100
8,69,85100
69,11,59458
11,69,59458
69,12,72935
12,69,72935
69,13,102317
13,69,102317
69,16,102940
16,69,102940
69,18,104211
18,69,104211
69,19,58139
19,69,58139
69,20,107081
20,69,107081
69,21,110308
21,69,110308
69,23,115967
23,69,115967
69,25,73405
25,69,73405
69,28,78728
28,69,78728
69,32,72647
32,69,72647
69,33,75449
33,69,75449
69,35,445703
35,69,445703
69,37,386271
37,69,386271
69,40,475025
40,69,475025
69,42,472265
42,69,472265
69,43,472756
43,69,472756
69,44,456631
44,69,456631
69,46,428632
46,69,428632
69,49,483942
49,69,483942
69,50,455759
50,69,455759
69,51,414439
51,69,414439
69,53,454631
53,69,454631
69,56,468855
56,69,468855
69,58,441375
58,69,441375
69,59,412401
59,69,412401
69,61,456641
61,69,456641
69,62,441126
62,69,441126
69,67,461482
67,69,461482
69,68,450447
68,69,450447
69,70,423673
70,69,423673
69,72,420623
72,69,420623
69,75,442266
75,69,442266
69,77,455602
77,69,455602
71,73,51845
73,71,51845
71,74,43243
74,71,43243
71,76,70025
76,71,70025
71,78,42578
78,71,42578
71,79,45544
79,71,45544
71,2,88846
2,71,88846
71,4,75132
4,71,75132
71,5,67896
5,71,67896
71,6,62509
6,71,62509
71,7,69592
7,71,69592
71,8,110803
8,71,110803
71,11,70628
11,71,70628
71,12,75115
12,71,75115
71,13,92453
13,71,92453
71,16,90075
16,71,90075
71,18,84695
18,71,84695
71,19,68993
19,71,68993
71,20,95603
20,71,95603
71,21,103193
21,71,103193
71,23,106809
23,71,106809
71,25,68969
25,71,68969
71,28,74879
28,71,74879
71,32,70972
32,71,70972
71,33,66003
33,71,66003
71,35,458383
35,71,458383
71,37,389390
37,71,389390
71,40,473205
40,71,473205
71,42,478334
42,71,478334
71,43,474470
43,71,474470
71,44,467493
44,71,467493
71,46,427541
46,71,427541
71,49,478657
49,71,478657
71,50,457058
50,71,457058
71,51,419441
51,71,419441
71,53,466264
53,71,466264
71,56,459227
56,71,459227
71,58,451226
58,71,451226
71,59,422898
59,71,422898
71,61,468094
61,71,468094
71,62,461545
62,71,461545
71,67,459723
67,71,459723
71,68,463759
68,71,463759
71,70,427124
70,71,427124
71,72,420616
72,71,420616
71,75,454420
75,71,454420
71,77,456167
77,71,456167
73,74,12961
74,73,12961
73,76,126874
76,73,126874
73,78,13173
78,73,13173
73,79,6727
79,73,6727
73,2,78308
2,73,78308
73,4,50415
4,73,50415
73,5,62727
5,73,62727
73,6,57997
6,73,57997
73,7,68870
7,73,68870
73,8,67835
8,73,67835
73,11,49839
11,73,49839
73,12,71638
12,73,71638
73,13,92222
13,73,92222
73,16,112006
16,73,112006
73,18,85438
18,73,85438
73,19,50065
19,73,50065
73,20,90221
20,73,90221
73,21,96794
21,73,96794
73,23,99898
23,73,99898
73,25,58914
25,73,58914
73,28,69094
28,73,69094
73,32,59130
32,73,59130
73,33,78448
33,73,78448
73,35,498595
35,73,498595
73,37,442920
37,73,442920
73,40,499982
40,73,499982
73,42,560127
42,73,560127
73,43,508373
43,73,508373
73,44,492292
44,73,492292
73,46,474413
46,73,474413
73,49,499711
49,73,499711
73,50,492757
50,73,492757
73,51,496327
51,73,496327
73,53,509564
53,73,509564
73,56,500050
56,73,500050
73,58,485442
58,73,485442
73,59,465148
59,73,465148
73,61,490852
61,73,490852
73,62,533950
62,73,533950
73,67,484003
67,73,484003
73,68,489114
68,73,489114
73,70,474993
70,73,474993
73,72,468798
72,73,468798
73,75,479164
75,73,479164
73,77,480138
77,73,480138
74,76,117034
76,74,117034
74,78,14338
78,74,14338
74,79,9367
79,74,9367
74,2,92712
2,74,92712
74,4,61561
4,74,61561
74,5,67565
5,74,67565
74,6,72435
6,74,72435
74,7,76551
7,74,76551
74,8,82615
8,74,82615
74,11,57202
11,74,57202
74,12,78450
12,74,78450
74,13,106401
13,74,106401
74,16,116693
16,74,116693
74,18,91417
18,74,91417
74,19,64007
19,74,64007
74,20,92528
20,74,92528
74,21,97665
21,74,97665
74,23,99956
23,74,99956
74,25,66541
25,74,66541
74,28,70850
28,74,70850
74,32,71591
32,74,71591
74,33,85213
33,74,85213
74,35,487523
35,74,487523
74,37,427456
37,74,427456
74,40,496226
40,74,496226
74,42,531577
42,74,531577
74,43,491238
43,74,491238
74,44,488867
44,74,488867
74,46,453769
46,74,453769
74,49,496966
49,74,496966
74,50,475827
50,74,475827
74,51,452967
51,74,452967
74,53,492142
53,74,492142
74,56,494229
56,74,494229
74,58,482685
58,74,482685
74,59,441020
59,74,441020
74,61,488107
61,74,488107
74,62,479688
62,74,479688
74,67,481258
67,74,481258
74,68,485534
68,74,485534
74,70,445802
70,74,445802
74,72,447033
72,74,447033
74,75,476404
75,74,476404
74,77,477393
77,74,477393
76,78,114960
78,76,114960
76,79,120315
79,76,120315
76,2,95023
2,76,95023
76,4,158336
4,76,158336
76,5,176298
5,76,176298
76,6,141496
6,76,141496
76,7,150121
7,76,150121
76,8,86876
8,76,86876
76,11,160014
11,76,160014
76,12,97207
12,76,97207
76,13,122787
13,76,122787
76,16,75030
16,76,75030
76,18,192096
18,76,192096
76,19,136640
19,76,136640
76,20,178384
20,76,178384
76,21,189328
21,76,189328
76,23,205638
23,76,205638
76,25,149793
25,76,149793
76,28,178883
28,76,178883
76,32,127948
32,76,127948
76,33,69476
33,76,69476
76,35,361752
35,76,361752
76,37,357585
37,76,357585
76,40,374114
40,76,374114
76,42,406412
42,76,406412
76,43,398822
43,76,398822
76,44,369906
44,76,369906
76,46,360185
46,76,360185
76,49,387482
49,76,387482
76,50,362062
50,76,362062
76,51,311625
51,76,311625
76,53,387661
53,76,387661
76,56,368858
56,76,368858
76,58,341986
58,76,341986
76,59,360341
59,76,360341
76,61,379697
61,76,379697
76,62,315592
62,76,315592
76,67,356833
67,76,356833
76,68,359800
68,76,359800
76,70,343802
70,76,343802
76,72,328437
72,76,328437
76,75,361276
75,76,361276
76,77,369328
77,76,369328
78,79,13587
79,78,13587
78,2,79449
2,78,79449
78,4,56137
4,78,56137
78,5,68118
5,78,68118
78,6,71002
6,78,71002
78,7,73735
7,78,73735
78,8,81656
8,78,81656
78,11,57642
11,78,57642
78,12,70463
12,78,70463
78,13,97462
13,78,97462
78,16,129400
16,78,129400
78,18,92113
18,78,92113
78,19,54421
19,78,54421
78,20,100385
20,78,100385
78,21,99556
21,78,99556
78,23,104617
23,78,104617
78,25,63593
25,78,63593
78,28,70710
28,78,70710
78,32,66872
32,78,66872
78,33,74789
33,78,74789
78,35,489172
35,78,489172
78,37,410206
37,78,410206
78,40,498197
40,78,498197
78,42,534628
42,78,534628
78,43,491250
43,78,491250
78,44,490839
44,78,490839
78,46,454652
46,78,454652
78,49,499083
49,78,499083
78,50,475621
50,78,475621
78,51,453801
51,78,453801
78,53,493717
53,78,493717
78,56,496033
56,78,496033
78,58,484782
58,78,484782
78,59,443639
59,78,443639
78,61,490224
61,78,490224
78,62,480996
62,78,480996
78,67,483375
67,78,483375
78,68,487505
68,78,487505
78,70,445531
70,78,445531
78,72,448919
72,78,448919
78,75,478429
75,78,478429
78,77,479510
77,78,479510
79,2,85701
2,79,85701
79,4,57868
4,79,57868
79,5,64437
5,79,64437
79,6,64853
6,79,64853
79,7,72536
7,79,72536
79,8,76183
8,79,76183
79,11,53821
11,79,53821
79,12,75881
12,79,75881
79,13,99255
13,79,99255
79,16,109697
16,79,109697
79,18,87539
18,79,87539
79,19,57190
19,79,57190
79,20,93434
20,79,93434
79,21,98595
21,79,98595
79,23,104655
23,79,104655
79,25,57755
25,79,57755
79,28,68262
28,79,68262
79,32,55099
32,79,55099
79,33,83252
33,79,83252
79,35,492530
35,79,492530
79,37,434147
37,79,434147
79,40,497390
40,79,497390
79,42,540693
42,79,540693
79,43,499572
43,79,499572
79,44,489700
44,79,489700
79,46,465164
46,79,465164
79,49,497119
49,79,497119
79,50,484864
50,79,484864
79,51,466722
51,79,466722
79,53,498499
53,79,498499
79,56,497458
56,79,497458
79,58,482850
58,79,482850
79,59,457717
59,79,457717
79,61,488260
61,79,488260
79,62,490404
62,79,490404
79,67,481411
67,79,481411
79,68,486522
68,79,486522
79,70,468534
70,79,468534
79,72,460218
72,79,460218
79,75,476572
75,79,476572
79,77,477546
77,79,477546
2,4,37177
4,2,37177
2,5,70547
5,2,70547
2,6,38860
6,2,38860
2,7,27914
7,2,27914
2,8,21526
8,2,21526
2,11,42225
11,2,42225
2,12,10654
12,2,10654
2,13,27560
13,2,27560
2,16,35201
16,2,35201
2,18,78037
18,2,78037
2,19,20422
19,2,20422
2,20,80462
20,2,80462
2,21,90127
21,2,90127
2,23,96274
23,2,96274
2,25,61602
25,2,61602
2,28,77825
28,2,77825
2,32,36035
32,2,36035
2,33,17795
33,2,17795
2,35,600078
35,2,600078
2,37,538141
37,2,538141
2,40,605845
40,2,605845
2,42,660769
42,2,660769
2,43,611241
43,2,611241
2,44,598155
44,2,598155
2,46,531820
46,2,531820
2,49,605574
49,2,605574
2,50,599345
50,2,599345
2,51,596105
51,2,596105
2,53,612482
53,2,612482
2,56,605885
56,2,605885
2,58,591305
58,2,591305
2,59,572421
59,2,572421
2,61,596715
61,2,596715
2,62,636869
62,2,636869
2,67,589866
67,2,589866
2,68,594977
68,2,594977
2,70,568740
70,2,568740
2,72,521302
72,2,521302
2,75,585027
75,2,585027
2,77,586001
77,2,586001
4,5,32621
5,4,32621
4,6,19145
6,4,19145
4,7,32945
7,4,32945
4,8,45395
8,4,45395
4,11,15813
11,4,15813
4,12,37227
12,4,37227
4,13,56639
13,4,56639
4,16,73041
16,4,73041
4,18,25768
18,4,25768
4,19,19720
19,4,19720
4,20,25793
20,4,25793
4,21,28869
21,4,28869
4,23,32354
23,4,32354
4,25,21541
25,4,21541
4,28,27828
28,4,27828
4,32,25980
32,4,25980
4,33,63392
33,4,63392
4,35,661352
35,4,661352
4,37,641695
37,4,641695
4,40,634495
40,4,634495
4,42,701775
42,4,701775
4,43,675478
43,4,675478
4,44,626805
44,4,626805
4,46,625236
46,4,625236
4,49,634224
49,4,634224
4,50,659667
50,4,659667
4,51,647483
51,4,647483
4,53,647483
53,4,647483
4,56,634563
56,4,634563
4,58,619955
58,4,619955
4,59,608097
59,4,608097
4,61,625365
61,4,625365
4,62,678965
62,4,678965
4,67,618516
67,4,618516
4,68,623627
68,4,623627
4,70,668557
70,4,668557
4,72,614040
72,4,614040
4,75,613677
75,4,613677
4,77,614651
77,4,614651
5,6,37339
6,5,37339
5,7,39765
7,5,39765
5,8,96449
8,5,96449
5,11,19976
11,5,19976
5,12,53665
12,5,53665
5,13,56292
13,5,56292
5,16,101513
16,5,101513
5,18,15220
18,5,15220
5,19,33344
19,5,33344
5,20,22295
20,5,22295
5,21,25228
21,5,25228
5,23,25047
23,5,25047
5,25,31100
25,5,31100
5,28,15302
28,5,15302
5,32,49563
32,5,49563
5,33,96117
33,5,96117
5,35,660480
35,5,660480
5,37,645566
37,5,645566
5,40,633328
40,5,633328
5,42,700608
42,5,700608
5,43,678569
43,5,678569
5,44,625638
44,5,625638
5,46,641057
46,5,641057
5,49,633057
49,5,633057
5,50,658500
50,5,658500
5,51,646315
51,5,646315
5,53,646316
53,5,646316
5,56,633396
56,5,633396
5,58,618788
58,5,618788
5,59,606930
59,5,606930
5,61,624198
61,5,624198
5,62,677797
62,5,677797
5,67,617349
67,5,617349
5,68,622460
68,5,622460
5,70,670755
70,5,670755
5,72,633188
72,5,633188
5,75,612510
75,5,612510
5,77,613484
77,5,613484
6,7,37681
7,6,37681
6,8,37134
8,6,37134
6,11,26561
11,6,26561
6,12,38439
12,6,38439
6,13,58287
13,6,58287
6,16,60669
16,6,60669
6,18,37502
18,6,37502
6,19,29200
19,6,29200
6,20,35935
20,6,35935
6,21,43571
21,6,43571
6,23,48052
23,6,48052
6,25,17104
25,6,17104
6,28,39108
28,6,39108
6,32,16341
32,6,16341
6,33,42781
33,6,42781
6,35,664577
35,6,664577
6,37,635956
37,6,635956
6,40,638821
40,6,638821
6,42,706101
42,6,706101
6,43,678289
43,6,678289
6,44,631131
44,6,631131
6,46,630990
46,6,630990
6,49,638550
49,6,638550
6,50,663703
50,6,663703
6,51,651808
51,6,651808
6,53,651809
53,6,651809
6,56,638889
56,6,638889
6,58,624281
58,6,624281
6,59,612423
59,6,612423
6,61,629691
61,6,629691
6,62,683290
62,6,683290
6,67,622842
67,6,622842
6,68,627953
68,6,627953
6,70,661474
70,6,661474
6,72,623786
72,6,623786
6,75,618003
75,6,618003
6,77,618977
77,6,618977
7,8,56842
8,7,56842
7,11,28161
11,7,28161
7,12,16816
12,7,16816
7,13,24405
13,7,24405
7,16,73050
16,7,73050
7,18,48163
18,7,48163
7,19,19755
19,7,19755
7,20,51087
20,7,51087
7,21,66710
21,7,66710
7,23,71502
23,7,71502
7,25,46099
25,7,46099
7,28,52501
28,7,52501
7,32,31039
32,7,31039
7,33,50260
33,7,50260
7,35,630711
35,7,630711
7,37,606876
37,7,606876
7,40,624019
40,7,624019
7,42,686087
42,7,686087
7,43,643045
43,7,643045
7,44,616329
44,7,616329
7,46,578300
46,7,578300
7,49,623748
49,7,623748
7,50,631913
50,7,631913
7,51,635186
51,7,635186
7,53,637007
53,7,637007
7,56,624087
56,7,624087
7,58,609479
58,7,609479
7,59,597621
59,7,597621
7,61,614889
61,7,614889
7,62,662139
62,7,662139
7,67,608040
67,7,608040
7,68,613151
68,7,613151
7,70,630918
70,7,630918
7,72,569517
72,7,569517
7,75,603201
75,7,603201
7,77,604175
77,7,604175
8,11,61018
11,8,61018
8,12,32643
12,8,32643
8,13,54158
13,8,54158
8,16,24170
16,8,24170
8,18,113509
18,8,113509
8,19,39222
19,8,39222
8,20,115985
20,8,115985
8,21,88994
21,8,88994
8,23,98001
23,8,98001
8,25,67684
25,8,67684
8,28,101653
28,8,101653
8,32,71278
32,8,71278
8,33,15391
33,8,15391
8,35,574078
35,8,574078
8,37,553088
37,8,553088
8,40,578305
40,8,578305
8,42,629883
42,8,629883
8,43,566724
43,8,566724
8,44,570770
44,8,570770
8,46,489528
46,8,489528
8,49,578196
49,8,578196
8,50,561074
50,8,561074
8,51,566051
51,8,566051
8,53,583809
53,8,583809
8,56,578191
56,8,578191
8,58,563927
58,8,563927
8,59,543748
59,8,543748
8,61,569337
61,8,569337
8,62,607769
62,8,607769
8,67,562488
67,8,562488
8,68,567567
68,8,567567
8,70,542910
70,8,542910
8,72,479489
72,8,479489
8,75,557649
75,8,557649
8,77,558623
77,8,558623
11,12,34056
12,11,34056
11,13,50491
13,11,50491
11,16,92187
16,11,92187
11,18,23439
18,11,23439
11,19,17382
19,11,17382
11,20,26448
20,11,26448
11,21,30118
21,11,30118
11,23,30914
23,11,30914
11,25,23696
25,11,23696
11,28,21398
28,11,21398
11,32,40426
32,11,40426
11,33,65668
33,11,65668
11,35,645983
35,11,645983
11,37,626571
37,11,626571
11,40,619066
40,11,619066
11,42,686346
42,11,686346
11,43,662581
43,11,662581
11,44,611376
44,11,611376
11,46,610749
46,11,610749
11,49,618795
49,11,618795
11,50,644238
50,11,644238
11,51,632053
51,11,632053
11,53,632054
53,11,632054
11,56,619134
56,11,619134
11,58,604526
58,11,604526
11,59,592668
59,11,592668
11,61,609936
61,11,609936
11,62,663535
62,11,663535
11,67,603087
67,11,603087
11,68,608198
68,11,608198
11,70,653433
70,11,653433
11,72,601483
72,11,601483
11,75,598248
75,11,598248
11,77,599222
77,11,599222
12,13,25582
13,12,25582
12,16,43182
16,12,43182
12,18,61054
18,12,61054
12,19,19614
19,12,19614
12,20,63802
20,12,63802
12,21,76127
21,12,76127
12,23,79368
23,12,79368
12,25,54589
25,12,54589
12,28,64564
28,12,64564
12,32,19798
32,12,19798
12,33,24054
33,12,24054
12,35,589728
35,12,589728
12,37,530089
37,12,530089
12,40,595993
40,12,595993
12,42,650599
42,12,650599
12,43,605357
43,12,605357
12,44,588303
44,12,588303
12,46,537366
46,12,537366
12,49,595722
49,12,595722
12,50,590321
50,12,590321
12,51,585605
51,12,585605
12,53,602316
53,12,602316
12,56,595913
56,12,595913
12,58,581453
58,12,581453
12,59,554425
59,12,554425
12,61,586863
61,12,586863
12,62,613434
62,12,613434
12,67,580014
67,12,580014
12,68,585125
68,12,585125
12,70,552527
70,12,552527
12,72,527946
72,12,527946
12,75,575175
75,12,575175
12,77,576149
77,12,576149
13,16,67482
16,13,67482
13,18,69373
18,13,69373
13,19,34841
19,13,34841
13,20,70983
20,13,70983
13,21,81318
21,13,81318
13,23,88008
23,13,88008
13,25,80226
25,13,80226
13,28,72647
28,13,72647
13,32,54403
32,13,54403
13,33,50381
33,13,50381
13,35,631110
35,13,631110
13,37,609044
37,13,609044
13,40,628701
40,13,628701
13,42,688494
42,13,688494
13,43,638751
43,13,638751
13,44,621011
44,13,621011
13,46,563132
46,13,563132
13,49,628430
49,13,628430
13,50,631508
50,13,631508
13,51,635513
51,13,635513
13,53,641383
53,13,641383
13,56,628769
56,13,628769
13,58,614161
58,13,614161
13,59,601862
59,13,601862
13,61,619571
61,13,619571
13,62,664546
62,13,664546
13,67,612722
67,13,612722
13,68,617833
68,13,617833
13,70,630075
70,13,630075
13,72,552188
72,13,552188
13,75,607883
75,13,607883
13,77,608857
77,13,608857
16,18,117022
18,16,117022
16,19,71754
19,16,71754
16,20,118029
20,16,118029
16,21,132085
21,16,132085
16,23,137976
23,16,137976
16,25,94872
25,16,94872
16,28,123957
28,16,123957
16,32,36799
32,16,36799
16,33,20080
33,16,20080
16,35,518006
35,16,518006
16,37,489213
37,16,489213
16,40,557912
40,16,557912
16,42,580545
42,16,580545
16,43,526948
43,16,526948
16,44,539017
44,16,539017
16,46,462410
46,16,462410
16,49,568244
49,16,568244
16,50,526996
50,16,526996
16,51,486820
51,16,486820
16,53,541929
53,16,541929
16,56,552686
56,16,552686
16,58,519544
58,16,519544
16,59,499409
59,16,499409
16,61,539430
61,16,539430
16,62,523401
62,16,523401
16,67,544339
67,16,544339
16,68,535425
68,16,535425
16,70,494461
70,16,494461
16,72,449803
72,16,449803
16,75,525876
75,16,525876
16,77,538132
77,16,538132
18,19,40874
19,18,40874
18,20,10396
20,18,10396
18,21,14296
21,18,14296
18,23,13871
23,18,13871
18,25,22650
25,18,22650
18,28,12362
28,18,12362
18,32,57000
32,18,57000
18,33,112208
33,18,112208
18,35,661628
35,18,661628
18,37,648178
37,18,648178
18,40,634476
40,18,634476
18,42,701756
42,18,701756
18,43,679940
43,18,679940
18,44,626786
44,18,626786
18,46,651159
46,18,651159
18,49,634205
49,18,634205
18,50,659648
50,18,659648
18,51,647463
51,18,647463
18,53,647464
53,18,647464
18,56,634544
56,18,634544
18,58,619936
58,18,619936
18,59,608078
59,18,608078
18,61,625346
61,18,625346
18,62,678945
62,18,678945
18,67,618497
67,18,618497
18,68,623608
68,18,623608
18,70,676300
70,18,676300
18,72,644946
72,18,644946
18,75,613658
75,18,613658
18,77,614632
77,18,614632
19,20,45703
20,19,45703
19,21,47184
21,19,47184
19,23,61259
23,19,61259
19,25,37920
25,19,37920
19,28,38270
28,19,38270
19,32,26018
32,19,26018
19,33,40524
33,19,40524
19,35,633218
35,19,633218
19,37,599367
37,19,599367
19,40,615456
40,19,615456
19,42,680541
42,19,680541
19,43,635305
43,19,635305
19,44,607766
44,19,607766
19,46,564910
46,19,564910
19,49,615185
49,19,615185
19,50,624404
50,19,624404
19,51,626861
51,19,626861
19,53,628444
53,19,628444
19,56,615524
56,19,615524
19,58,600916
58,19,600916
19,59,589058
59,19,589058
19,61,606326
61,19,606326
19,62,657200
62,19,657200
19,67,599477
67,19,599477
19,68,604588
68,19,604588
19,70,624885
70,19,624885
19,72,552995
72,19,552995
19,75,594638
75,19,594638
19,77,595612
77,19,595612
20,21,11756
21,20,11756
20,23,12052
23,20,12052
20,25,24572
25,20,24572
20,28,17505
28,20,17505
20,32,58427
32,20,58427
20,33,116910
33,20,116910
20,35,658793
35,20,658793
20,37,645343
37,20,645343
20,40,631641
40,20,631641
20,42,698921
42,20,698921
20,43,677105
43,20,677105
20,44,623951
44,20,623951
20,46,648445
46,20,648445
20,49,631370
49,20,631370
20,50,656813
50,20,656813
20,51,644628
51,20,644628
20,53,644629
53,20,644629
20,56,631709
56,20,631709
20,58,617101
58,20,617101
20,59,605243
59,20,605243
20,61,622511
61,20,622511
20,62,676110
62,20,676110
20,67,615662
67,20,615662
20,68,620773
68,20,620773
20,70,673465
70,20,673465
20,72,641616
72,20,641616
20,75,610823
75,20,610823
20,77,611797
77,20,611797
21,23,6104
23,21,6104
21,25,25698
25,21,25698
21,28,20620
28,21,20620
21,32,64358
32,21,64358
21,33,106098
33,21,106098
21,35,662168
35,21,662168
21,37,648718
37,21,648718
21,40,635016
40,21,635016
21,42,702296
42,21,702296
21,43,680480
43,21,680480
21,44,627326
44,21,627326
21,46,651868
46,21,651868
21,49,634745
49,21,634745
21,50,660188
50,21,660188
21,51,648003
51,21,648003
21,53,648004
53,21,648004
21,56,635084
56,21,635084
21,58,620476
58,21,620476
21,59,608618
59,21,608618
21,61,625886
61,21,625886
21,62,679485
62,21,679485
21,67,619037
67,21,619037
21,68,624148
68,21,624148
21,70,676840
70,21,676840
21,72,646066
72,21,646066
21,75,614198
75,21,614198
21,77,615172
77,21,615172
23,25,27705
25,23,27705
23,28,19948
28,23,19948
23,32,70939
32,23,70939
23,33,115891
33,23,115891
23,35,666279
35,23,666279
23,37,652829
37,23,652829
23,40,639127
40,23,639127
23,42,706407
42,23,706407
23,43,684591
43,23,684591
23,44,631437
44,23,631437
23,46,655979
46,23,655979
23,49,638856
49,23,638856
23,50,664299
50,23,664299
23,51,652114
51,23,652114
23,53,652115
53,23,652115
23,56,639195
56,23,639195
23,58,624587
58,23,624587
23,59,612729
59,23,612729
23,61,629997
61,23,629997
23,62,683596
62,23,683596
23,67,623148
67,23,623148
23,68,628259
68,23,628259
23,70,680951
70,23,680951
23,72,650179
72,23,650179
23,75,618309
75,23,618309
23,77,619283
77,23,619283
25,28,26876
28,25,26876
25,32,37171
32,25,37171
25,33,71137
33,25,71137
25,35,656655
35,25,656655
25,37,641601
37,25,641601
25,40,629503
40,25,629503
25,42,696783
42,25,696783
25,43,674684
43,25,674684
25,44,621813
44,25,621813
25,46,640023
46,25,640023
25,49,629232
49,25,629232
25,50,654675
50,25,654675
25,51,642490
51,25,642490
25,53,642491
53,25,642491
25,56,629571
56,25,629571
25,58,614963
58,25,614963
25,59,603105
59,25,603105
25,61,620373
61,25,620373
25,62,673972
62,25,673972
25,67,613524
67,25,613524
25,68,618635
68,25,618635
25,70,666630
70,25,666630
25,72,633098
72,25,633098
25,75,608685
75,25,608685
25,77,609659
77,25,609659
28,32,61659
32,28,61659
28,33,108270
33,28,108270
28,35,644593
35,28,644593
28,37,631143
37,28,631143
28,40,617441
40,28,617441
28,42,684721
42,28,684721
28,43,662905
43,28,662905
28,44,609751
44,28,609751
28,46,631604
46,28,631604
28,49,617170
49,28,617170
28,50,642613
50,28,642613
28,51,630428
51,28,630428
28,53,630429
53,28,630429
28,56,617509
56,28,617509
28,58,602901
58,28,602901
28,59,591043
59,28,591043
28,61,608311
61,28,608311
28,62,661910
62,28,661910
28,67,601462
67,28,601462
28,68,606573
68,28,606573
28,70,659057
70,28,659057
28,72,624838
72,28,624838
28,75,596623
75,28,596623
28,77,597597
77,28,597597
32,33,25918
33,32,25918
32,35,618442
35,32,618442
32,37,556803
37,32,556803
32,40,620304
40,32,620304
32,42,677779
42,32,677779
32,43,631147
43,32,631147
32,44,612614
44,32,612614
32,46,565048
46,32,565048
32,49,620033
49,32,620033
32,50,618733
50,32,618733
32,51,624798
51,32,624798
32,53,629445
53,32,629445
32,56,620372
56,32,620372
32,58,605764
58,32,605764
32,59,589383
59,32,589383
32,61,611174
61,32,611174
32,62,653831
62,32,653831
32,67,604325
67,32,604325
32,68,609436
68,32,609436
32,70,588633
70,32,588633
32,72,555156
72,32,555156
32,75,599486
75,32,599486
32,77,600460
77,32,600460
33,35,522944
35,33,522944
33,37,469333
37,33,469333
33,40,532889
40,33,532889
33,42,576178
42,33,576178
33,43,525428
43,33,525428
33,44,527589
44,33,527589
33,46,464532
46,33,464532
33,49,556957
49,33,556957
33,50,513694
50,33,513694
33,51,488621
51,33,488621
33,53,527711
53,33,527711
33,56,516775
56,33,516775
33,58,508772
58,33,508772
33,59,484915
59,33,484915
33,61,527996
61,33,527996
33,62,521110
62,33,521110
33,67,533654
67,33,533654
33,68,523887
68,33,523887
33,70,475172
70,33,475172
33,72,453596
72,33,453596
33,75,514350
75,33,514350
33,77,527445
77,33,527445
35,37,16007
37,35,16007
35,40,56148
40,35,56148
35,42,28284
42,35,28284
35,43,28244
43,35,28244
35,44,63126
44,35,63126
35,46,32294
46,35,32294
35,49,68719
49,35,68719
35,50,33093
50,35,33093
35,51,30002
51,35,30002
35,53,38283
53,35,38283
35,56,50671
56,35,50671
35,58,88602
58,35,88602
35,59,59831
59,35,59831
35,61,72754
61,35,72754
35,62,30882
62,35,30882
35,67,90641
67,35,90641
35,68,45433
68,35,45433
35,70,27051
70,35,27051
35,72,30636
72,35,30636
35,75,67920
75,35,67920
35,77,82058
77,35,82058
37,40,61876
40,37,61876
37,42,21429
42,37,21429
37,43,24875
43,37,24875
37,44,67851
44,37,67851
37,46,56970
46,37,56970
37,49,75480
49,37,75480
37,50,41218
50,37,41218
37,51,31719
51,37,31719
37,53,42195
53,37,42195
37,56,57017
56,37,57017
37,58,87346
58,37,87346
37,59,62806
59,37,62806
37,61,85912
61,37,85912
37,62,33743
62,37,33743
37,67,91924
67,37,91924
37,68,49926
68,37,49926
37,70,19527
70,37,19527
37,72,59383
72,37,59383
37,75,73533
75,37,73533
37,77,88344
77,37,88344
40,42,82751
42,40,82751
40,43,75940
43,40,75940
40,44,13441
44,40,13441
40,46,73861
46,40,73861
40,49,22387
49,40,22387
40,50,41367
50,40,41367
40,51,34355
51,40,34355
40,53,29284
53,40,29284
40,56,19447
56,40,19447
40,58,20734
58,40,20734
40,59,28492
59,40,28492
40,61,22765
61,40,22765
40,62,58954
62,40,58954
40,67,21946
67,40,21946
40,68,20130
68,40,20130
40,70,77560
70,40,77560
40,72,83022
72,40,83022
40,75,19541
75,40,19541
40,77,20514
77,40,20514
42,43,19936
43,42,19936
42,44,89778
44,42,89778
42,46,35212
46,42,35212
42,49,80450
49,42,80450
42,50,44300
50,42,44300
42,51,45544
51,42,45544
42,53,50434
53,42,50434
42,56,68207
56,42,68207
42,58,102053
58,42,102053
42,59,75429
59,42,75429
42,61,97088
61,42,97088
42,62,37795
62,42,37795
42,67,104286
67,42,104286
42,68,71611
68,42,71611
42,70,23066
70,42,23066
42,72,34801
72,42,34801
42,75,95239
75,42,95239
42,77,100860
77,42,100860
43,44,70563
44,43,70563
43,46,21652
46,43,21652
43,49,76078
49,43,76078
43,50,33602
50,43,33602
43,51,38311
51,43,38311
43,53,44019
53,43,44019
43,56,61628
56,43,61628
43,58,88230
58,43,88230
43,59,64721
59,43,64721
43,61,86401
61,43,86401
43,62,30458
62,43,30458
43,67,92918
67,43,92918
43,68,50451
68,43,50451
43,70,26062
70,43,26062
43,72,21859
72,43,21859
43,75,81093
75,43,81093
43,77,90964
77,43,90964
44,46,68583
46,44,68583
44,49,29801
49,44,29801
44,50,36807
50,44,36807
44,51,35089
51,44,35089
44,53,34791
53,44,34791
44,56,19239
56,44,19239
44,58,26721
58,44,26721
44,59,26960
59,44,26960
44,61,18573
61,44,18573
44,62,63471
62,44,63471
44,67,27677
67,44,27677
44,68,20693
68,44,20693
44,70,85432
70,44,85432
44,72,71089
72,44,71089
44,75,18014
75,44,18014
44,77,20486
77,44,20486
46,49,73262
49,46,73262
46,50,29026
50,46,29026
46,51,60000
51,46,60000
46,53,57339
53,46,57339
46,56,68044
56,46,68044
46,58,84737
58,46,84737
46,59,54626
59,46,54626
46,61,86064
61,46,86064
46,62,40826
62,46,40826
46,67,92627
67,46,92627
46,68,51269
68,46,51269
46,70,36989
70,46,36989
46,72,11351
72,46,11351
46,75,74121
75,46,74121
46,77,84438
77,46,84438
49,50,51504
50,49,51504
49,51,60998
51,49,60998
49,53,26253
53,49,26253
49,56,26656
56,49,26656
49,58,15111
58,49,15111
49,59,25692
59,49,25692
49,61,21342
61,49,21342
49,62,63013
62,49,63013
49,67,14752
67,49,14752
49,68,27125
68,49,27125
49,70,98456
70,49,98456
49,72,82320
72,49,82320
49,75,21705
75,49,21705
49,77,18187
77,49,18187
50,51,35234
51,50,35234
50,53,31481
53,50,31481
50,56,38316
56,50,38316
50,58,64663
58,50,64663
50,59,40237
59,50,40237
50,61,49089
61,50,49089
50,62,39389
62,50,39389
50,67,67708
67,50,67708
50,68,30570
68,50,30570
50,70,50139
70,50,50139
50,72,32401
72,50,32401
50,75,46214
75,50,46214
50,77,53415
77,50,53415
51,53,38641
53,51,38641
51,56,26782
56,51,26782
51,58,61634
58,51,61634
51,59,42300
59,51,42300
51,61,48884
61,51,48884
51,62,41418
62,51,41418
51,67,64340
67,51,64340
51,68,28980
68,51,28980
51,70,54612
70,51,54612
51,72,46714
72,51,46714
51,75,43445
75,51,43445
51,77,54766
77,51,54766
53,56,23794
56,53,23794
53,58,38382
58,53,38382
53,59,21430
59,53,21430
53,61,31035
61,53,31035
53,62,30557
62,53,30557
53,67,42025
67,53,42025
53,68,20377
68,53,20377
53,70,62287
70,53,62287
53,72,49007
72,53,49007
53,75,31563
75,53,31563
53,77,35405
77,53,35405
56,58,30378
58,56,30378
56,59,24244
59,56,24244
56,61,23360
61,56,23360
56,62,49861
62,56,49861
56,67,30658
67,56,30658
56,68,20517
68,56,20517
56,70,79645
70,56,79645
56,72,66850
72,56,66850
56,75,18516
75,56,18516
56,77,27290
77,56,27290
58,59,28911
59,58,28911
58,61,21034
61,58,21034
58,62,98036
62,58,98036
58,67,7186
67,58,7186
58,68,35095
68,58,35095
58,70,114256
70,58,114256
58,72,90974
72,58,90974
58,75,19668
75,58,19668
58,77,15665
77,58,15665
59,61,18200
61,59,18200
59,62,48259
62,59,48259
59,67,27666
67,59,27666
59,68,21852
68,59,21852
59,70,83548
70,59,83548
59,72,63006
72,59,63006
59,75,20625
75,59,20625
59,77,22064
77,59,22064
61,62,62079
62,61,62079
61,67,16486
67,61,16486
61,68,24708
68,61,24708
61,70,113074
70,61,113074
61,72,86009
72,61,86009
61,75,12396
75,61,12396
61,77,12554
77,61,12554
62,67,96545
67,62,96545
62,68,46226
68,62,46226
62,70,56010
70,62,56010
62,72,35982
72,62,35982
62,75,66410
75,62,66410
62,77,78417
77,62,78417
67,68,35788
68,67,35788
67,70,120930
70,67,120930
67,72,95077
72,67,95077
67,75,17932
75,67,17932
67,77,11579
77,67,11579
68,70,88562
70,68,88562
68,72,56344
72,68,56344
68,75,20547
75,68,20547
68,77,29973
77,68,29973
70,72,38333
72,70,38333
70,75,112405
75,70,112405
70,77,117704
77,70,117704
72,75,78894
75,72,78894
72,77,90036
77,72,90036
75,77,10925
77,75,10925
