17,9,14,24,27
27,17,24,34
9,3,14,17
24,14,17,26,27,34
34,24,26,27,36,41
14,3,9,15,17,24,26
3,1,9,10,14,15
26,14,15,22,24,30,34,36
36,26,30,34,38,41,45,47
15,3,10,14,22,26
30,22,26,29,36,38
1,3,5,10
10,1,3,5,15,16,22
38,29,30,36,39,45,48
22,10,15,16,26,29,30
29,16,20,22,30,31,38,39
5,1,6,10,16
16,5,6,10,12,20,22,29
39,29,31,38,42,48,49
31,20,29,32,39,42
65,57,64,74,76
76,65,74
52,41,47,57
41,34,36,47,52
57,47,52,54,64,65
74,64,65,73,76
47,36,41,45,52,54,57
64,54,57,63,65,73,74
54,45,47,55,57,63,64
73,63,64,69,74,79
45,36,38,47,48,54,55
63,54,55,64,69,73
55,45,48,54,60,63,69
79,69,71,73
69,55,60,63,66,71,73,79
48,38,39,45,49,55,60
71,66,69,78,79
60,48,49,53,55,66,69
49,39,42,48,53,60
6,5,12,16
20,12,16,21,29,31,32
12,6,8,16,20,21
32,20,21,28,31,37,42
21,8,12,19,20,28,32
8,2,11,12,19,21
37,28,32,35,42,44,46
19,8,11,21,25,28
28,19,21,25,32,35,37
2,7,8,11
11,2,7,8,18,19,25
35,25,28,33,37,43,44
25,11,18,19,23,28,33,35
7,2,4,11,13,18
18,7,11,13,23,25
33,23,25,35,40,43
23,13,18,25,33
4,7,13
13,4,7,18,23
66,53,60,62,68,69,71,78
42,31,32,37,39,46,49,53
78,66,68,71,75
53,42,46,49,56,60,62,66
62,53,56,66,68
46,37,42,44,53,56
75,68,70,78
68,56,61,62,66,70,75,78
56,44,46,51,53,61,62,68
44,35,37,43,46,51,56
70,61,67,68,75,77
61,51,56,58,67,68,70
51,43,44,50,56,58,61
67,58,59,61,70,72,77
77,67,70,72
58,50,51,59,61,67
43,33,35,40,44,50,51
50,40,43,51,58,59
72,59,67,77
59,50,58,67,72
40,33,43,50